:100000000C94030E0C94340E0C94340E0C94340E99
:100010000C94340E0C94340E0C94340E0C94340E58
:100020000C94340E0C94340E0C94340E0C94340E48
:100030000C94340E0C94340E0C94340E0C94340E38
:100040000C94340E0C94D7830C94340E0C94340E10
:100050000C94340E0C94340E0C9407780C941E7689
:100060000C94340E0C9421840C9417840C94340E4C
:100070000C94340E0C94340E0C94340E0C94340EF8
:100080000C94340E0C94340E0C94340E0C94340EE8
:100090000C94340E0C94340E0C94340E0C94340ED8
:1000A0000C94340E0C94340E0C94340E0C94340EC8
:1000B0000C94340E0C94340E0C94340E0C94340EB8
:1000C0000C94340E0C94340E0C94340E0C94340EA8
:1000D0000C94340E0C94340E0C94340E0C94340E98
:1000E0000C94340E084AD73B3BCE016E84BCBFFD56
:1000F000C12F3D6C74319ABD56833DDA3D00C77FF8
:1001000011BED9E4BB4C3E916BAAAABE0000008090
:100110003F05A84CCDB2D44EB93836A9020C50B91F
:10012000918688083CA6AAAA2ABE000000803F004B
:100130000C94AB0E0C94930E0C94C20F0C94740E92
:100140000C94AE0F0C94A10E0C94700E0C948F0EA8
:100150000C94B80F0C944B840C949E0F0C94850E49
:100160000C94AF0E0C94730F0C94F90F0C94780E42
:100170000C946A0E0C94800F0C94AA0E0C947C0EB6
:100180000C94A50E0C947B0F0C94E50F0C940D10A1
:100190000C948A0F0C94A60F0C947F0E0C94DB0F1A
:1001A0000C94EF0F0C9403100C94890E0C94940F84
:1001B0000C949D0E0C94970E0C94CC0F4E414E490E
:1001C0004E495459494E46CDCCCC3D0AD7233C1715
:1001D000B7D13877CC2B329595E6241FB14F0A0062
:1001E0000020410000C84200401C4620BCBE4CCA52
:1001F0001B0E5AAEC59D74434F4D4D554E4943415C
:1002000054494F4E0044525952554E004552524F98
:10021000525300494E464F004543484F00457272C5
:100220006F722077726974696E6720746F2045451C
:1002300050524F4D210A00627573793A20706175F2
:1002400073656420666F7220696E7075740A00624F
:100250007573793A2070617573656420666F7220DA
:10026000757365720A00627573793A2070726F63F4
:10027000657373696E670A002121204B494C4C203D
:1002800063617573656420627920746F6F206D758A
:10029000636820696E6163746976652074696D6551
:1002A000202D2063757272656E7420636F6D6D61B1
:1002B0006E643A20005072696E7465722073746FB8
:1002C000707065642064756520746F206572726F4C
:1002D00072732E2046697820746865206572726F8B
:1002E0007220616E6420757365204D393939207430
:1002F0006F20726573746172742E202854656D705E
:1003000065726174757265206973207265736574B6
:100310002E205365742069742061667465722072A2
:10032000657374617274696E67290A004E6F2043A9
:100330006865636B73756D2077697468206C696E8E
:1003400065206E756D6265722C204C617374204C53
:10035000696E653A2000636865636B73756D206D27
:1003600069736D617463682C204C617374204C69EF
:100370006E653A20004C696E65204E756D6265723F
:10038000206973206E6F74204C617374204C696E09
:1003900065204E756D6265722B312C204C61737433
:1003A000204C696E653A20004D313130006563683C
:1003B0006F3A004572726F723A0020496E76616C36
:1003C0006964206578747275646572200043617099
:1003D0003A0047322F4733206261642070617261B6
:1003E0006D65746572730A00526573656E643A20B8
:1003F0000023646566696E652044454641554C544A
:100400005F004B6420004B6920004B702000504976
:1004100044204175746F74756E652066696E6973EA
:10042000686564212050757420746865206C617360
:1004300074204B702C204B6920616E64204B64202B
:10044000636F6E7374616E74732066726F6D206279
:10045000656C6F7720696E746F20436F6E66696795
:1004600075726174696F6E2E680A005049442041AC
:1004700075746F74756E65206661696C65642120A2
:1004800074696D656F75740A005049442041757434
:100490006F74756E65206661696C656421205465B2
:1004A0006D706572617475726520746F6F20686914
:1004B00067680A00204B643A2000204B693A20000C
:1004C000204B703A20000A20436C617373696320EB
:1004D000504944200A000A204E6F206F76657273DF
:1004E000686F6F740A002054753A2000204B753AEB
:1004F0002000206D61783A2000206D696E3A20005E
:1005000020643A200020626961733A200050494417
:10051000204175746F74756E652073746172740A0E
:1005200000504944204175746F74756E6520666192
:10053000696C656421204261642065787472756419
:100540006572206E756D6265720A0020627974654D
:10055000733B20637263200053657474696E677324
:100560002053746F726564202800454550524F4DEA
:10057000206461746173697A65206572726F722E8E
:100580000A002073746F7265642073657474696EF9
:10059000677320726574726965766564202800202F
:1005A0002863616C63756C6174656429210A00209D
:1005B000213D2000454550524F4D20435243206D70
:1005C00069736D61746368202D202873746F726580
:1005D000642920002053697A653A2000496E6465D9
:1005E000783A2000204D61726C696E3D563736298D
:1005F0000A00454550524F4D2076657273696F6E03
:10060000206D69736D617463682028454550524FB1
:100610004D3D0048617264636F64656420446566A3
:1006200061756C742053657474696E6773204C6FC8
:10063000616465640A003B20003A0A0020204D39BD
:100640003030204B004C696E6561722041647661E8
:100650006E63653A0020204D3835312058005A2D00
:1006600050726F6265204F666673657400204900A2
:1006700020204D33303420500020204D33303120A5
:1006800050005049442073657474696E67733A0072
:1006900020204D323036205800486F6D65206F663F
:1006A000667365743A00204A0020204D32303520B0
:1006B0004200416476616E6365643A20423C6D6934
:1006C0006E5F7365676D656E745F74696D655F7588
:1006D000733E20533C6D696E5F666565647261743C
:1006E000653E20543C6D696E5F74726176656C5F27
:1006F00066656564726174653E204A3C6A756E6326
:100700005F6465763E0020204D3230342050004139
:100710006363656C65726174696F6E2028756E69BC
:1007200074732F7332293A20503C7072696E745F73
:10073000616363656C3E20523C72657472616374E0
:100740005F616363656C3E20543C74726176656CD6
:100750005F616363656C3E0020204D32303120586C
:10076000004D6178696D756D20416363656C6572DC
:100770006174696F6E2028756E6974732F733229E6
:100780003A0020204D3230332058004D6178696D99
:10079000756D206665656472617465732028756E79
:1007A0006974732F73293A005374657073207065F0
:1007B0007220756E69743A0020204D32303020442A
:1007C000300A0020204D323030204400204469732C
:1007D00061626C65640A0046696C616D656E7420C7
:1007E00073657474696E67733A0020286D6D290013
:1007F0002020473231202020203B20556E69747321
:1008000020696E206D6D006F70656E00545249470F
:100810004745524544007A5F6D696E00795F6D69A6
:100820006E00785F6D696E005265706F7274696EEC
:100830006720656E6473746F702073746174757370
:100840000A005761726E696E673A20486F6D696E73
:10085000672042756D702044697669736F72203C21
:1008600020310A0020436F756E7420583A0062658B
:1008700064002C2073797374656D2073746F7070CD
:10088000656421204865617465725F49443A2000BF
:1008900048656174696E67204661696C65640048EB
:1008A000656174696E67206661696C6564005448AF
:1008B00045524D414C2052554E41574159005468C4
:1008C00065726D616C2052756E6177617900457259
:1008D000723A204D415854454D50004D41585445B1
:1008E0004D50207472696767657265640045727265
:1008F0003A204D494E54454D50004D494E54454DBA
:10090000502074726967676572656400202F00204B
:1009100042403A0020403A002020506C616E6E65E3
:100920007242756666657242797465733A2000207A
:1009300046726565204D656D6F72793A2000436F90
:100940006D70696C65643A204A756E2020332032E0
:100950003032360A00204C61737420557064617423
:1009600065643A20323032302D30332D3136207CE0
:1009700020417574686F723A202870696E677569D6
:100980006E70666C6567657226466F6F6446696750
:10099000687465722C2041535758312D46572D4DA0
:1009A0004F44290A00322E302E352E310A004D6177
:1009B000726C696E0020536F6674776172652052A5
:1009C000657365740A00205761746368646F6720FB
:1009D00052657365740A002042726F776E206F75DE
:1009E000742052657365740A002045787465726ED0
:1009F000616C2052657365740A00506F776572559B
:100A0000700A00656E6473746F7073206869743A5D
:100A100020006F6B002028302D31302900207661B6
:100A20006C7565206F7574206F662072616E6765E6
:100A300000416476616E6365204B3D0020746F2039
:100A4000003F5A206F7574206F662072616E676573
:100A50002028003F59206F7574206F662072616EE8
:100A6000676520282D003F58206F7574206F662021
:100A700072616E676520282D0050726F6265204F8D
:100A80006666736574205800454550524F4D204F9F
:100A90004B0A00486F6D652025732573257320462A
:100AA0006972737400546F6F206661722066726F92
:100AB0006D207265666572656E636520706F696E24
:100AC000740A006469730043290A0061626C6564FA
:100AD00020286D696E2074656D702000436F6C6412
:100AE00020657874727564657320617265200020DA
:100AF000643A0020693A0020703A00496E76616CD1
:100B000069642065787472756465720A0050726F4A
:100B10006265204F6666736574205A0050726F627A
:100B200065204F66667365745A3A200020466C6FE4
:100B3000773A200046523A0020204D61783A200052
:100B400020204D696E3A2000536F667420656E64F4
:100B500073746F70733A20003F4A206F7574206F72
:100B6000662072616E67652028302E303120746FE8
:100B700020302E33290A00205400205200416363A4
:100B8000656C65726174696F6E3A2050002F2F207A
:100B9000004348414D4245525F54454D50455241F6
:100BA00054555245004D4F54494F4E5F4D4F4445AB
:100BB0005300544845524D414C5F50524F544543A9
:100BC00054494F4E004155544F5245504F52545F77
:100BD00053445F5354415455530050524F4D505459
:100BE0005F535550504F525400454D455247454E66
:100BF00043595F50415253455200434153455F4C66
:100C0000494748545F4252494748544E4553530060
:100C1000544F47474C455F4C494748545300534F46
:100C20004654574152455F504F574552004255492F
:100C30004C445F50455243454E54004C4556454C3C
:100C4000494E475F44415441005A5F50524F42451C
:100C5000004155544F4C4556454C005052494E5456
:100C60005F4A4F420050524F47524553530041553F
:100C7000544F5245504F52545F54454D5000564FBB
:100C80004C554D455452494300454550524F4D0037
:100C900042494E4152595F46494C455F5452414E7C
:100CA000534645520053455249414C5F584F4E5FA1
:100CB000584F4646004649524D574152455F4E41B6
:100CC0004D453A4D61726C696E20322E302E352EB4
:100CD0003120284769744875622920534F55524383
:100CE000455F434F44455F55524C3A687474707386
:100CF0003A2F2F6769746875622E636F6D2F4D618F
:100D0000726C696E4669726D776172652F4D6172A2
:100D10006C696E2050524F544F434F4C5F564552B2
:100D200053494F4E3A312E30204D414348494E45AC
:100D30005F545950453A3344205072696E7465725D
:100D40002045585452554445525F434F554E543AEE
:100D50003120555549443A63656465326132662DE8
:100D6000343161322D343734382D396231322D63CC
:100D700035356336326633363766660A004D3131B3
:100D8000332053006F66660044454255473A0020C1
:100D9000573A0050726F7465637465642050696ED1
:100DA0000A0025697920256964202569682025695C
:100DB0006D20256973005072696E742074696D65C9
:100DC0003A200050726F62696E67204661696C65F7
:100DD000640A00205A3A200020593A2000426564F3
:100DE00020583A200020746F6F206C6F6E6720656A
:100DF0007874727573696F6E2070726576656E7443
:100E000065640A0020636F6C642065787472757382
:100E1000696F6E2070726576656E7465640A002273
:100E20000A00556E6B6E6F776E20636F6D6D616E2D
:100E3000643A202200204500205900204D393220FC
:100E400058005072696E7465722068616C746564D4
:100E50002E206B696C6C28292063616C6C656421A1
:100E60000A0020453A00205A3A0020593A00363705
:100E700026033C3D380E2E303E1224221E1A1C182A
:100E800008440A07430809070001000096430000D0
:100E900096430000C843000000000000A0C000000E
:100EA0000000000096430000964300004842000006
:100EB0002042F43DA042F43DA04296E3C7430080A7
:100EC000DE43D0070000D0070000640000001027B8
:100ED00000000202040000A0400000A0400000004A
:100EE0004000000001000000010000800055555541
:100EF000000000400033333300AAAA2A004992249C
:100F00000000002000C7711C0099991900D14517F5
:100F100000555515003BB113002449120011111161
:100F200000000010000F0F0F00E3380E0043790D92
:100F300000CCCC0C00C3300C00E8A20B0064210BE9
:100F400000AAAA0A00703D0A009DD80900427B0948
:100F50000092240900DCD3080088880800104208A9
:100F60000000000800F0C1070087870700755007E0
:100F700000711C07003EEB0600A1BC06006990064C
:100F80000066660600703E06006118060017F4054C
:100F90000074D105005BB00500B2900500627205D7
:100FA000005555050078390500B81E0500050505F2
:100FB000004EEC040087D40400A1BD040090A704F7
:100FC0000049920400C17D0400EE690400C7560484
:100FD00000444404005C3204000821040041100471
:100FE00000000004003FF00300F8E0030026D203F5
:100FF00000C3C30300CCB503003AA803000A9B0357
:1010000000388E0300C08103009F750300D0690380
:1010100000505E03001D53030034480300913D035C
:10102000003333030016290300381F03009715030C
:1010300000300C0300030303000BFA020049F10225
:1010400000BAE802005CE002002DD802002DD002B8
:101050000059C80200B0C0020031B90200DAB10282
:1010600000AAAA0200A0A30200BC9C0200FA9502FA
:10107000005C8F0200DF88020082820200457C0251
:10108000002776020027700200436A02007C640297
:1010900000D05E02003F590200C8530200FFFDFC71
:1010A000FAF8F6F4F2F0EEECEAE9E7E5E3E1E0DE87
:1010B000DCDAD9D7D5D4D2D0CFCDCBCAC8C7C5C337
:1010C000C2C0BFBDBCBAB9B7B6B4B3B2B0AFADACB5
:1010D000AAA9A8A6A5A4A2A1A09E9D9C9A9998970A
:1010E00095949392908F8E8D8B8A8988878684833E
:1010F0008281807F7E7D7B7A797877767574737252
:1011000071706F6E6D6C6B6A696867666564636247
:1011100061605F5E5D5C5B5A595858575655545331
:10112000525150504F4E4D4C4B4A4A494847464603
:10113000454443424241403F3E3E3D3C3B3B3A39C1
:10114000383837363535343332323130302F2E2E71
:101150002D2C2B2B2A292928272726252524232314
:1011600022212120201F1E1E1D1C1C1B1B1A1919A9
:101170001818171616151514131312121111100F33
:101180000F0E0E0D0D0C0C0B0A0A090908080707B3
:101190000606050504040303020201000024F4D43A
:1011A0003050C38E20C2A24017828B7011127A91E8
:1011B0000D816CD90AA861E108C7586607615143DF
:1011C000061E4B5D05C145A7041A411104093D984F
:1011D00003713931034036DB0265339102D4305458
:1011E00002802E1D02632CEE01752AC501B028A0D5
:1011F00001102781018F2564012B244B01E022344B
:1012000001AC211F018D200D01801FFC00841EED0B
:1012100000971DDF00B81CD200E61BC600201BBCD7
:1012200000641AB200B219A8000A19A0006A18993D
:1012300000D117910040178B00B516840031167E3F
:1012400000B31579003A157300C7146F0058146A7B
:1012500000EE1366008813630025135E00C7125B5F
:10126000006C12570015125400C111510070114F3B
:101270000021114B00D61049008D10470046104444
:101280000002104200C00F4000800F3E00420F3CA1
:1012900000060F3B00CB0E3800930E37005C0E3576
:1012A00000270E3400F30D3200C10D3100900D30D7
:1012B00000600D2E00320D2D00050D2C00D90C2BD9
:1012C00000AE0C2900850C29005C0C2700350C278A
:1012D000000E0C2600E80B2400C40B2400A00B23F6
:1012E000007D0B23005A0B2100390B2100180B2025
:1012F00000F80A1F00D90A1E00BB0A1E009D0A1D25
:1013000000800A1D00630A1C00470A1B002C0A1BF0
:1013100000110A1A00F7091A00DD091900C4091999
:1013200000AB091900920917007B0918006309171F
:10133000004C09160036091600200916000A091586
:1013400000F5081500E0081400CC081400B80814D3
:1013500000A4081400900813007D0812006B081305
:101360000058081200460812003408110023081122
:10137000001208110001081100F0071000E007102A
:1013800000D0071000C0071000B0070F00A1071021
:101390000091070E0083070F0074070F0065070E0A
:1013A0000057070E0049070E003B070D002E070EE1
:1013B0000020070D0013070D0006070D00F9060CAD
:1013C00000ED060D00E0060C00D4060C00C8060C6B
:1013D00000BC060C00B0060C00A4060B0099060C1D
:1013E000008D060B0082060B0077060B006C060BC7
:1013F0000061060A0057060B004C060A0042060A66
:101400000038060A002E060A0024060A001A060AF8
:10141000001006090007060A00FD050900F4050989
:1014200000EB050900E2050900D9050900D005090E
:1014300000C7050900BE050900B5050800AD05088F
:1014400000A50509009C050800940508008C050806
:1014500000840508007C050800740508006C050779
:1014600000650508005D050700560508004E0507E4
:10147000004705070040050800380507003105074B
:10148000002A050700230507001C050600160507AE
:10149000000F0507000805060002050700FB04060B
:1014A00000F5040700EE040600E8040600E2040765
:1014B00000DB040600D5040600CF040600C90406BC
:1014C00000C3040600BD040600B7040600B104050D
:1014D00000AC040600A6040600A00405009B040658
:1014E0000095040500900406008A040500850405A3
:1014F00000800406007A04050075040500700405E8
:10150000006B04050066040500610405005C040529
:101510000057040500520405004D04050048040569
:1015200000430405003E0404003A040500350405A8
:1015300000300404002C04050027040400230405E3
:10154000001E0404001A040400160405001104041B
:10155000000D040400090405000404040000040450
:1015600000FC030400F8030400F4030400F0030487
:1015700000EC030400E8030400E4030400E00304B7
:1015800000DC030400D8030400D4030400D00304E7
:1015900000CC030400C8030300C503030024F404C3
:1015A000D9201BC40C5C0E9804C4095F0265077146
:1015B00001F405F900FB04B30048048700C1036986
:1015C000005803550003034500BE023A008402316F
:1015D0000053022A002902250004022000E4011C15
:1015E00000C8011900AF011700980114008401130D
:1015F00000710110006101100051010E0043010D46
:101600000036010B002B010B0020010B0015010916
:10161000000C01090003010800FB000800F30008AA
:1016200000EB000700E4000600DE000600D800061C
:1016300000D2000600CC000500C7000500C200056E
:1016400000BD000400B9000400B5000400B10004AE
:1016500000AD000400A9000400A5000300A20003DF
:10166000009F0004009B0003009800030095000207
:101670000093000300900003008D0002008B000324
:10168000008800020086000200840003008100023E
:10169000007F0002007D0002007B00020079000252
:1016A0000077000100760002007400020072000161
:1016B00000710002006F0002006D0001006C00026A
:1016C000006A000100690002006700010066000175
:1016D0000065000100640002006200010061000179
:1016E00000600001005F0002005D0001005C00017D
:1016F000005B0001005A0001005900010058000180
:10170000005700010056000100550001005400017F
:10171000005300000053000100520001005100017D
:1017200000500001004F0001004E0000004E00017B
:10173000004D0001004C0001004B0000004B000177
:10174000004A000100490001004800000048000173
:10175000004700010046000000460001004500006F
:101760000045000100440001004300000043000167
:101770000042000000420001004100000041000161
:1017800000400001003F0000003F0001003E00005B
:10179000003E0001003D0000003D0001003C000053
:1017A000003C0000003C0001003B0000003B000149
:1017B000003A0000003A0001003900000039000141
:1017C0000038000000380000003800010037000039
:1017D000003700010036000000360000003600012E
:1017E0000035000000350000003500010034000025
:1017F000003400000034000100330000003300001A
:10180000003300010032000000320000003200010D
:101810000031000000310000003100010030000004
:101820000030000000300001002F0000002F0000F9
:10183000002F0000002F0001002E0000002E0000ED
:10184000002E0001002D0000002D0000002D0000E2
:10185000002D0001002C0000002C0000002C0000D6
:10186000002C0001002B0000002B0000002B0000CA
:10187000002B0001002A0000002A0000002A0000BE
:10188000002A0001002900000029000000290000B2
:1018900000290000002900010028000000280000A5
:1018A0000028000000280000002800010027000098
:1018B000002700000027000000270000002700018B
:1018C0000026000000260000002600000026000080
:1018D0000026000100250000002500000025000072
:1018E0000025000000250000002500010024000064
:1018F0000024000000240000002400000024000157
:10190000002300000023000000230000002300004B
:10191000002300000023000000230001002200003B
:10192000002200000022000000220000002200002F
:101930000022000100210000002100000021000021
:101940000021000000210000002100000021000112
:101950000020000000200000002000000020000007
:1019600000200000002000000020000000200001F6
:10197000001F0000001F0000001F0000001F0000EB
:10198000001F0000001F0000001F0001001E0000DB
:10199000001E0000001E0000001E000000232C009E
:1019A00000B8220000561800003A0F0000B80800E6
:1019B00000B1040000710200003E01000070012C23
:1019C0000190012701B0012201C0011D01F00118A1
:1019D000011002130130020E01600209019002049D
:1019E00001C002FF000003FA004003F5008003F08D
:1019F00000D003EB002004E6007004E100E004DC0A
:101A0000004005D700C005D2004006CD00D006C872
:101A1000008007C3003008BE00F008B900C009B458
:101A200000B00AAF00B00BAA00D00CA500000EA0B9
:101A300000500F9B00C01096005012910000148CB3
:101A400000C0158700B0178200B0197D00D01B7848
:101A500000001E730040206E0090226900F0246494
:101A60000040275F0090295A00E02B5500102E50AF
:101A70000020304B0010324600E033410090353CEE
:101A8000001037370070383200A0392D00B03A28E6
:101A900000A03B2300603C1E00103D1900903D1447
:101AA00000103E0F00703E0A00C03E0500003F00DF
:101AB00000403FFBFF803FF6FFC03FF1FF000021E9
:101AC00000240027002A002D00300033000101000F
:101AD00000040107010A0100002200250028002B54
:101AE000002E003100340002010000050108010B46
:101AF00001000020002300260029002C002F0032C6
:101B000000000100000301060109010505050507A4
:101B10000508080808020202020A0A080804040468
:101B20000401010101010101010303030303030394
:101B300003040707070C0C0C0C0C0C0C0C02020223
:101B40000206060606060606060B0B0B0B0B0B0B16
:101B50000B010210202008081020401020408002B5
:101B600001020108040201010204081020408080E3
:101B70004020100804020180040201804020100867
:101B8000040201080402010102040810204080013F
:101B90000204081020408000000A0B02090C0D0E00
:101BA000080703040100000000000000000000001E
:101BB0000000000000000000000000000000000025
:101BC00000000012111000000000000000000000E2
:101BD00000000000000000000000000000180213D8
:101BE000020C020502F70100007042000070420082
:101BF00000204100009643008098430000C843FF46
:101C0000FFFF00004B8411241FBECFEFD1E2DEBFE7
:101C1000CDBF00E00CBF13E0A0E0B2E0EEE1F7E2E0
:101C200001E00BBF02C007900D92A030B107D9F7B9
:101C30002EE0A0E0B3E001C01D92A533B207E1F7AA
:101C40001EE0C3E0DEE000E006C021970109802F1E
:101C5000FE010E943E90C230D10780E00807A9F73C
:101C60000E948F840C948D930C940000FC01DB0186
:101C70008C9120813181382798E0A901220F331FF0
:101C800057FD05C09150C9F7318320830895B1E213
:101C90002B27B0E13B27F6CF8150823108F05AC0A4
:101CA000E82FF0E08827E85AF14F8F4F0C943E90D0
:101CB000780E7C0E6A0E700E740EAA0E7F0E850EC4
:101CC000890E8F0E930E970E9D0EA10EAA0EA50ED5
:101CD000AB0EAF0E809180008F77809380000895C7
:101CE000809180008F7DF9CF80918000877FF5CF34
:101CF00084B58F7784BD089584B58F7DFBCF8091A7
:101D0000B0008F778093B00008958091B0008F7DF0
:101D1000F9CF809190008F77809390000895809103
:101D200090008F7DF9CF80919000877FF5CF8091D3
:101D3000A0008F778093A00008958091A0008F7DF0
:101D4000F9CF8091A000877FF5CF809120018F7718
:101D5000809320010895809120018F7DF9CF80919B
:101D60002001877FF5CFCF93DF93282F30E0F90153
:101D7000E956F44E8491F901EF5AF44ED491F901E9
:101D8000E55FF44EC491CC23A1F081110E944C0E6A
:101D9000EC2FF0E0EE0FFF1FEF50F54EA591B49140
:101DA000EC91ED2381E090E009F480E0DF91CF91A8
:101DB000089580E090E0FACF1F93CF93DF93282F10
:101DC00030E0F901E956F44E8491F901EF5AF44EEE
:101DD000D491F901E55FF44EC491CC23A9F0162FFC
:101DE00081110E944C0EEC2FF0E0EE0FFF1FE95224
:101DF000F54EA591B4918FB7F894EC91111108C0EC
:101E0000D095DE23DC938FBFDF91CF911F91089592
:101E1000DE2BF8CFCF93DF9390E0FC01EF5AF44E26
:101E20002491855F944EFC0184918823D1F090E049
:101E3000880F991FFC01E354F54EA591B491FC0164
:101E4000E952F54EC591D49161110EC09FB7F89437
:101E50008C91E22FE0958E238C932881E223E883F6
:101E60009FBFDF91CF9108958FB7F894EC91E22B4B
:101E7000EC938FBFF6CF1F93CF93DF93182FEB0117
:101E800061E00E940A0F209739F460E0812FDF9112
:101E9000CF911F910C94DC0ECF3FD10511F461E07E
:101EA000F5CFE12FF0E0E956F44EE491E150E23154
:101EB00008F0B3C0F0E08827EF59F04F8F4F0C9433
:101EC0003E90730F7B0F800F8A0F940F0D109E0FA3
:101ED000A60FAE0FB80FC20FCC0FDB0FE50F0D1022
:101EE000EF0FF90F031084B5806884BDC7BDDF9183
:101EF000CF911F91089584B5806284BDC8BDF7CF8E
:101F000080918000806880938000D0938900C09386
:101F10008800EDCF80918000806280938000D09314
:101F20008B00C0938A00E3CF80918000886080930B
:101F30008000D0938D00C0938C00D9CF8091B000E9
:101F400080688093B000C093B300D1CF8091B0007F
:101F500080628093B000C093B400C9CF809190009C
:101F6000806880939000D0939900C0939800BFCF71
:101F700080919000806280939000D0939B00C093EA
:101F80009A00B5CF80919000886080939000D093A4
:101F90009D00C0939C00ABCF8091A000806880938F
:101FA000A0008091A0008F7B8093A000D093A90017
:101FB000C093A8009CCF8091A00080628093A00075
:101FC000D093AB00C093AA0092CF8091A00088600C
:101FD0008093A000D093AD00C093AC0088CF8091D7
:101FE0002001806880932001D0932901C0932801AB
:101FF0007ECF80912001806280932001D0932B01BD
:10200000C0932A0174CF80912001886080932001C1
:10201000D0932D01C0932C016ACFC038D1050CF0AC
:102020003ECF33CF3FB7F89480918B0690918C06CA
:10203000A0918D06B0918E0626B5A89B05C02F3FB6
:1020400019F00196A11DB11D3FBFBA2FA92F982FDE
:102050008827BC01CD01620F711D811D911D42E0D9
:10206000660F771F881F991F4A95D1F708958F92A1
:102070009F92AF92BF92CF92DF92EF92FF926B014D
:102080007C010E9412104B015C01C114D104E104D7
:10209000F104B9F00E941210681979098A099B09A4
:1020A000683E73408105910580F321E0C21AD10892
:1020B000E108F10888EE880E83E0981EA11CB11C8F
:1020C000E4CFFF90EF90DF90CF90BF90AF909F90C4
:1020D0008F9008952FB7F8946091870670918806C5
:1020E0008091890690918A062FBF0895CF93DF9340
:1020F000C091D40DD091D50D209751F120E030E062
:10210000A9016091D00D7091D10D8091D20D909167
:10211000D30D0E9447900E94B3916E5F7F4F24972A
:102120006C177D07ACF47093C70D6093C60D0E94C9
:102130006A10605E714B8F4F9F4F6093C80D709314
:10214000C90D8093CA0D9093CB0DDF91CF91089567
:102150001092C80D1092C90D1092CA0D1092CB0D9D
:10216000F4CF8091D40D9091D50D8635910554F41E
:1021700081E02091BD063091BE06263031051CF469
:1021800080E0089581E00895CF93DF93C091BD066C
:10219000D091BE06209729F16091B9067091BA06D8
:1021A0008091BB069091BC060E94B3916E5F7F4FF9
:1021B00024976C177D07ACF47093EB046093EA04EA
:1021C0000E946A10605A75418F4F9F4F6093EC04D4
:1021D0007093ED048093EE049093EF04DF91CF9120
:1021E00008951092EC041092ED041092EE041092F7
:1021F000EF04F4CFCF93DF931092F804C091240240
:10220000D09125022F971C161D0614F4D0E0C0E0D3
:10221000D093D50DC093D40D0E9476101092BE06B7
:102220001092BD060E94C410D093D50DC093D40D5A
:102230000E9476101092D60D2C981092BE06109225
:10224000BD061092BF06809102018072809300014A
:10225000DF91CF9108958F929F92AF92BF92CF92CC
:10226000DF92EF92FF920F931F93CF93DF93B0E42F
:10227000A0E06A2F70E0AB014B0F511D55954795BB
:10228000411119C0EFEBF9E165917491072E000C33
:10229000880B990B0E94E38BDF91CF911F910F91D7
:1022A000FF90EF90DF90CF90BF90AF909F908F9076
:1022B0000895B42FE0CFA41711F0B41303C0EBEBD3
:1022C000FAE1E2CF9A0121503109220F331F220F88
:1022D000331FF901E354F64EE590F490F901EF5302
:1022E000F64EC591D4918E159F051CF3A42FC817E7
:1022F000D9070CF4BECFF901E154F64E05911491C3
:10230000F901ED53F64EC590D490BC016E197F09CA
:10231000072E000C880B990B0E94E38B4B015C018C
:10232000B601601B710B072E000C880B990B0E94E5
:10233000E38B9B01AC01C501B4010E94428C4B01AF
:102340005C01BE016E197F09072E000C880B990BEA
:102350000E94E38B9B01AC01C501B4010E94419135
:102360006B017C01B801110F880B990B0E94E38B64
:102370009B01AC01C701B6010E9447908DCFCF935E
:10238000DF93C2E0DCE120E030E048E452E4609119
:10239000D00D7091D10D8091D20D9091D30D0E94EE
:1023A000A79287FF17C080E0FE01C491209102012F
:1023B00090E0B0E0A0E004C0B695A795979587950A
:1023C000CA95D2F780FD0EC0207120930001DF91E5
:1023D000CF910895FE01949181E001C0880F9A95F4
:1023E000EAF7E2CF2095F0CF8091B104882339F04D
:1023F00060912C0E70912D0E80912E0E089560E04C
:1024000070E080E00895BC012091A2043091A30403
:102410004091A2045091A3042417350731F481E0C0
:102420002617370709F080E008959A01F1CFEF925F
:10243000FF920F931F93E0920D03F0920E0300930F
:102440000F03109310036093110370931203809392
:1024500013039FEFFF27621B730B840B30F48095EF
:1024600070956195790B890B992790930C03A6E0E1
:102470006A9F00920003512DEE277A9F500DE11DB7
:102480008A9FE00D50930103E0930203AFE06A9F3F
:1024900000920403512DEE277A9F500DE11D8A9F73
:1024A000E00D50930503E0930603AAE06A9F0092B3
:1024B0000803512DEE277A9F500DE11D8A9FE00DF4
:1024C00050930903E0930A031F910F91FF90EF903F
:1024D00008958091010580FF1EC089988FEF809339
:1024E000520480910105869580FF18C08F988FEF68
:1024F00080935304809101058695869580FF11C0D5
:1025000080910B018095827080930901439A8FEF2F
:10251000809354040895899A81E0E1CF8F9A81E0F5
:10252000E7CF80910B01827080930901439881E08D
:10253000EFCF20912402309125022F5031098217CC
:1025400093070CF49C013093D50D2093D40D0C947B
:1025500076109F92AF92BF92CF92DF92EF92FF924E
:102560000F931F93CF93DF9300D01F921F92CDB78D
:10257000DEB7EDE9F0E10027BB27462F572FA82F44
:10258000AA2341F4A52F542FB85FAA2319F4A52F2D
:102590005527B85FA03138F45295A295452F4F705A
:1025A000507FA42BBC5FA03428F4550FAA1F550FF1
:1025B000AA1FBE5FA03818F4550FAA1FB395550F78
:1025C000AA1FEA0FF01F449151E0AA27B85081F1E9
:1025D000C8F0B0FF02C0440F551FB1FF04C0440F44
:1025E000551F440F551FB2FF06C052954295142F38
:1025F0001F70407F512BB3FF1BC0A52F542F4427C2
:102600000C941813B195B0FF02C055954795B1FFD2
:1026100004C05595479555954795B2FF05C052950D
:10262000407F4295452B5F70B3FF02C0452F552771
:10263000DD24CC24BB24B2E0649FD018C108B00ACA
:10264000B00B749FC018B108B00B849FB018B109CB
:10265000659FC018B108B00B759FB018B109859F70
:10266000B0196A9FB018B1097A9FB0194D9DA12C7D
:1026700099243327992722275D9DA00C911C301F98
:10268000901F201FAD9D900C311D901F201F4C9D51
:10269000A00C911C301F901F201F5C9D900C311DC1
:1026A000901F201FAC9D300D911D201F4B9D900C45
:1026B000311D901F201F5B9D300D911D201FAB9D74
:1026C000900D211D4B9F300D911D201F5B9F900D84
:1026D000211DAB9F200DB1E0BB24CC24DD24639FE2
:1026E000D018C108B00AB00B739FC018B108B00B66
:1026F000839FB018B109699FC018B108B00B799FCA
:10270000B018B109899FB019629FB018B109729FC2
:10271000B019D61AC70AB80A20F0B1E03B0F901FD3
:10272000201F1124792F632F90E0822F0F900F909C
:102730000F900F900F90DF91CF911F910F91FF900D
:10274000EF90DF90CF90BF90AF909F900895CF9281
:10275000DF92EF92FF928091A906882309F457C077
:10276000C090A506D090A606E090A706F090A80617
:1027700020E030E0A901C701B6010E94DC8B88236C
:1027800009F445C020E030E040E05FE3C701B60156
:102790000E94428C9B01AC010E94428C2BED3FE0D9
:1027A00049E450E40E94428C9B01AC0160E070E07F
:1027B00080E89FE30E9441916B017C01C0929506E5
:1027C000D0929606E0929706F092980660912602C3
:1027D00070912702072E000C880B990B0E94E38B47
:1027E0002AE037ED43E25CE30E94428CA7019601A8
:1027F0000E94428C60934D0270934E0280934F0270
:1028000090935002FF90EF90DF90CF900895C12CED
:10281000D12C80E8E82E8FE3F82ED0CF8091020EE5
:102820009091030E891B8F7019F490E080E0089559
:102830009091FF0D992351F0833030F48FEF890F81
:1028400019F08093FF0DF1CF1092FF0D8091030ED0
:1028500022E6829FC00111248D5A984FFC012081ED
:1028600020FDE3CF2091030E2F5F2F702093000EE9
:102870003091030E2091010E321304C02091000EFE
:102880002093010E089590916F0081E091FD02C0A8
:1028900080E0089590916F009D7F90936F00089560
:1028A000EFE6F0E08081826080830895CF93C82FA7
:1028B0000E94431494E0C99F90011124F901EB5543
:1028C000FB4F2D51324FD9014D915D916D917C910E
:1028D000408351836283738391E09093A40488239F
:1028E00019F0CF910C945014CF910895CF92DF92AC
:1028F000EF92FF92CF93DF93C82F0E94431494E08E
:10290000C99FE0011124FE01ED51F24FC080D1803A
:10291000E280F38081110E945014C25CD84FC7013D
:10292000B6010E94E38B288139814A815B810E9434
:10293000428CDF91CF91FF90EF90DF90CF90089580
:10294000CF92DF92EF92FF92CF93DF93C82F0E9436
:10295000431494E0C99FE0011124FE01EB55FB4FA5
:10296000C080D180E280F38081110E945014C25C4B
:10297000D84FC701B6010E94E38B288139814A8173
:102980005B810E94428CDF91CF91FF90EF90DF90AE
:10299000CF900895CF93DF9324E0829FC00111244C
:1029A000EC01CD50D24FFC01E756F94F8652994FBA
:1029B000DC012D913D914D915C916081718182810D
:1029C00093810E944790688379838A839B83DF91F8
:1029D000CF910895CF92DF92EF92FF921F93CF9302
:1029E000DF9320912802222309F48DC0EC0110917D
:1029F000F70610FF2CC0C0902902D0902A02E09068
:102A00002B02F0902C02288139814A815B81C70119
:102A1000B6010E94A792181624F4C882D982EA82CD
:102A2000FB82C0903502D0903602E0903702F090E1
:102A30003802288139814A815B81C701B6010E9431
:102A4000DC8B87FF04C0C882D982EA82FB8211FF37
:102A50002CC0C0902D02D0902E02E0902F02F0905A
:102A600030022C813D814E815F81C701B6010E94F9
:102A7000A792181624F4CC82DD82EE82FF82C090E9
:102A80003902D0903A02E0903B02F0903C022C8157
:102A90003D814E815F81C701B6010E94DC8B87FFBB
:102AA00004C0CC82DD82EE82FF8212FF2CC0C09077
:102AB0003102D0903202E0903302F0903402288547
:102AC00039854A855B85C701B6010E94A792181611
:102AD00024F4C886D986EA86FB86C0903D02D09051
:102AE0003E02E0903F02F0904002288539854A85F9
:102AF0005B85C701B6010E94DC8B87FF04C0C886D6
:102B0000D986EA86FB86DF91CF911F91FF90EF90E7
:102B1000DF90CF90089580914E0490914F04A09142
:102B20005004B09151048093490290934A02A093BB
:102B30004B02B0934C0280914C0490914D049093C1
:102B400048028093470208958091490290914A0279
:102B5000A0914B02B0914C0280934E0490934F048D
:102B6000A0935004B0935104809147029091480281
:102B700090934D0480934C0484E690E09093480237
:102B80008093470208958F929F92AF92BF92CF9207
:102B9000DF92EF92FF921F93CF93DF93CDB7DEB713
:102BA00060970FB6F894DEBF0FBECDBF182F81E03F
:102BB0000E9476146B017C0180E00E9476144B0128
:102BC0005C018092400490924104A0924204B09231
:102BD0004304C0924404D0924504E0924604F0922B
:102BE000470482E00E94761460934804709349047D
:102BF00080934A0490934B0489829A82AB82BC8270
:102C0000CD82DE82EF82F88669877A878B879C8700
:102C100083E00E9476146D877E878F87988B1E3F96
:102C2000D9F480E1FE013196A3E5B2E001900D9266
:102C30008A95E1F760960FB6F894DEBF0FBECDBF60
:102C4000DF91CF911F91FF90EF90DF90CF90BF90D9
:102C5000AF909F908F90089524E0129FC00111249F
:102C6000FC01ED5AFD4FA1E0B0E0AC0FBD1F8A0F93
:102C70009B1FDC014D915D916D917C91408351834F
:102C800062837383D7CFCF92DF92EF92FF928091CE
:102C90003F0465997BC0816080933F04909103015C
:102CA00080913F0491FD74C0826080933F048091C5
:102CB0003F044B996FC0846080933F0480913F0430
:102CC00090913E04981709F467C092E090933D04F8
:102CD00080933E048091F406811105C08091E7063F
:102CE000882309F466C0C0909504C0FE10C080918E
:102CF000010580FF0CC080913C0480FF08C08091DA
:102D0000E60681608093E60680E00E945614D12C8E
:102D1000F12CE12CD701C601B695A795979587951B
:102D200080FF11C080910105869580FF0CC08091C5
:102D30003C0481FF08C08091E60682608093E6062D
:102D400081E00E94561482E0F694E794D794C794E9
:102D50008A95D1F7C0FE2DC0809101058695869594
:102D600080FF27C08091E706882319F180913C04F9
:102D700082FF1FC08091E60684608093E60682E0B1
:102D8000FF90EF90DF90CF900C9456148E7F84CFFD
:102D90008D7F8BCF8B7F90CF80913D04882309F46A
:102DA00099CF815080933D04811194CF90933C043E
:102DB00091CFFF90EF90DF90CF9008950F931F93E6
:102DC0008091D506813019F50E946A1000912B047C
:102DD00010912C0420912D0430912E04601B710B56
:102DE000820B930B28EE33E040E050E00E94CF8F3F
:102DF00060912704709128048091290490912A04FD
:102E0000620F731F841F951F1F910F91089560918A
:102E1000D1067091D2068091D3069091D406D6CF78
:102E20001092D50610922B0410922C0410922D04AF
:102E300010922E041092D1061092D2061092D30650
:102E40001092D4061092270410922804109229049C
:102E500010922A0408958091D5068130F1F08230D5
:102E6000C9F40E94DE1660932704709328048093AF
:102E7000290490932A0481E08093D5060E946A1069
:102E800060932B0470932C0480932D0490932E0454
:102E900081E008950E941017EECF80E008958091A0
:102EA000D5068150823070F41092D5060E946A10C7
:102EB0006093D1067093D2068093D3069093D40684
:102EC00081E0089580E008954F925F926F927F9223
:102ED0008F929F92AF92BF92CF92DF92EF92FF922A
:102EE000CF93DF9300D000D01F921F92CDB7DEB7F3
:102EF0009E838D83DB01CD90DD90ED90FC908091E1
:102F0000EC069091ED06A091EE06B091EF06898354
:102F10009A83AB83BC839C01AD01C701B6010E94BB
:102F200046902B013C01AD81BE818D909D90AD906E
:102F3000BC908091E8069091E906A091EA06B091D4
:102F4000EB068D839E83AF83B88722ED30E040EAA5
:102F500050ECC301B2010E94A79287FDD2C023E0CA
:102F600030E046E953E4C301B2010E94DC8B18163D
:102F70000CF4C7C02D813E814F815885C501B40135
:102F80000E9446902B013C0127E137EB41ED58EBC5
:102F90000E94A79287FDB5C023E030E046E953E4E4
:102FA000C301B2010E94DC8B18160CF4AAC020E009
:102FB00030E0A9016D817E818F8198850E944790C4
:102FC0002B013C0120E030E040E251E40E94DC8B28
:102FD00087FF06C0412C512C30E2632E31E4732E62
:102FE00027E137EB41ED58E3C301B2010E9446905F
:102FF0009B01AC01C501B4010E94A79287FD81C06D
:1030000020E030E046E953E46D817E818F81988530
:103010000E9447902B013C0120E030E041E953E45D
:103020000E94A792181634F4412C512C21E9622EEB
:1030300023E4722E27E137EB41ED58E3C301B201DF
:103040000E9447909B01AC01C501B4010E94DC8B3A
:1030500018160CF456C020E030E040EA50E46981D4
:103060007A818B819C810E9446904B015C0120E01B
:1030700030E040E251E40E94DC8B87FF06C0812CE7
:10308000912C90E2A92E91E4B92E27E137EB41ED86
:1030900058E3C501B4010E9446909B01AC01C701F1
:1030A000B6010E94A79287FD2CC020E030E046E9DF
:1030B00053E469817A818B819C810E9447904B0106
:1030C0005C0120E030E041E953E40E94A792181629
:1030D00034F4812C912C81E9A82E83E4B82E27E1C9
:1030E00037EB41ED58E3C501B4010E9447909B01C5
:1030F000AC0191E09983C701B6010E94DC8B1816E0
:103100000CF41982898128960FB6F894DEBF0FBEA1
:10311000CDBFDF91CF91FF90EF90DF90CF90BF9028
:10312000AF909F908F907F906F905F904F90089599
:10313000282F90910B07833021F495FD0FC094FD4B
:103140000FC0892F90E0B0E0A0E004C0B695A7952D
:10315000979587952A95D2F78170089581E0089513
:1031600080E008952FEB280F2A3108F042C0E22FAB
:10317000F0E08091D6069091D706A091D806B09144
:10318000D90604C0B695A795979587952A95D2F745
:1031900080FD02C081700895E557FC4FE081EE2369
:1031A00029F18091760D9091770DE80FF92FF11D9F
:1031B000808190ED980F9A3030F08E3251F48181F9
:1031C00080538A3098F4F093F906E093F80681E092
:1031D00008958D3211F08B3249F4818190ED980F72
:1031E0009A3088F38E3211F48281EACFF0E0E0E089
:1031F000EACF80E008950E94B218882341F081E070
:103200002091F8063091F906232B09F480E0089507
:10321000CF93DF93EC01688170E085E00E943B0F63
:10322000698170E084E00E943B0F6A8170E086E073
:103230000E943B0F88819981482F490F5527551FC0
:103240008A81840F952F911D21E0833091050CF424
:1032500020E02093B10403976CF05EE0CC32D507F8
:1032600049F088819981AA8180932C0E90932D0E2C
:10327000A0932E0EDF91CF9108954F925F926F929F
:103280007F928F929F92AF92BF92CF92DF92EF92F6
:10329000FF92CF93DF9300D000D000D01F921F92F7
:1032A000CDB7DEB77C016B01DA018D919D910D9058
:1032B000BC91A02D8C839D83AE83BF83BC01CD01C7
:1032C0000E94B391688779878A879B87F70140803E
:1032D000518062807380C301B2010E94B3914B019F
:1032E0005C01D601CD90DD90ED90FC90A701960198
:1032F000C301B2010E94A79218160CF446C0A701A0
:1033000096016C817D818E819F810E94DC8B87FD7F
:103310003FC0C701B6010E94B3919B01AC012819BF
:1033200039094A095B09AFEFB0E00E941090288587
:1033300039854A855B85281939094A095B090E9444
:10334000F18F8091CC06821759F02093CC068FEF35
:1033500089831A8220952B83CE0101960E94081939
:103360002B960FB6F894DEBF0FBECDBFDF91CF9185
:10337000FF90EF90DF90CF90BF90AF909F908F9095
:103380007F906F905F904F900895C501B401C5CFB5
:10339000688579858A859B85C0CF4F925F926F92B1
:1033A0007F928F929F92AF92BF92CF92DF92EF92D5
:1033B000FF92CF93DF9300D000D000D01F921F92D6
:1033C000CDB7DEB77C016B01DA018D919D910D9037
:1033D000BC91A02D8C839D83AE83BF83BC01CD01A6
:1033E0000E94B391688779878A879B87F70140801D
:1033F000518062807380C301B2010E94B3914B017E
:103400005C01D601CD90DD90ED90FC90A701960176
:10341000C301B2010E94A79218160CF445C0A7017F
:1034200096016C817D818E819F810E94DC8B87FD5E
:103430003EC0C701B6010E94B3919B01AC0128199F
:1034400039094A095B09AFEFB0E00E941090288566
:1034500039854A855B85281939094A095B090E9423
:10346000F18F8091CC06821751F02093CC062983EE
:103470001A828FEF8B83CE0101960E9408192B963A
:103480000FB6F894DEBF0FBECDBFDF91CF91FF9096
:10349000EF90DF90CF90BF90AF909F908F907F90F4
:1034A0006F905F904F900895C501B401C6CF6885B5
:1034B00079858A859B85C1CF129A08955F9A8091FC
:1034C000F6068E7F8093F6068A9A8091F6068D7FA7
:1034D0008093F606809108018095817080930601A3
:1034E000479A8091F6068B7F8093F6060C945C1ABF
:1034F0009091C00095FFFCCF8093C6000895CF93B4
:10350000DF93EC01FE0184912196882319F00E943B
:10351000781AF8CFDF91CF910895CF93C82FCB01C0
:103520000E947F1A8DE898E00E947F1A87E098E059
:10353000CC2311F08CE098E00E947F1A8AE0CF91B2
:103540000C94781ACF9388E298E00E947F1A8CB18D
:10355000C1E085FB882780F962E278E08C270E9431
:103560008D1A80910301869581706CE178E08C273B
:103570000E948D1A89B183FB882780F966E178E083
:103580008C27CF910C948D1A0F931F93CF93DF93B9
:103590008B010E947F1AE8018991882319F00E940B
:1035A000781AFACFDF91CF911F910F91089583EB95
:1035B00093E00C947F1AC82F0E94FA100E94D71A29
:1035C00082E49EE00E947F1A89EE93E030E6019744
:1035D00029F0232F2A950000E9F7F9CFF89489EE16
:1035E00093E038EE019729F0232F2A950000E9F7A0
:1035F000F9CF0E94FA10CC2321F00E945E1AA89500
:10360000FECF0E945C1AFBCF8091E606882319F05A
:103610001092E606089580E00E94DB1A8DEA93E09E
:103620000C947F1A0E940E1B6091760D7091770D9D
:1036300082E29EE00E94C41A8FE19EE00C947F1A01
:103640000F931F93CF93811113C0C42F8B010E943E
:103650000E1B86E396E00E947F1AC8010E947F1A23
:10366000CC2331F08AE0CF911F910F910C94781AFE
:10367000CF911F910F9108958091A5039091A6037A
:103680002FEF3FEF981751F0E92FF0E0EB55FC4F8B
:10369000228130E09F5F9F779093A603C901089530
:1036A0008F929F92AF92BF92CF92DF92EF92FF9252
:1036B0000F931F93CF93DF93B0E4A0E06A2F70E0E5
:1036C000AB014B0F511D55954795411119C0EFEBBB
:1036D000F9E165917491072E000C880B990B0E94FB
:1036E000E38BDF91CF911F910F91FF90EF90DF90CF
:1036F000CF90BF90AF909F908F900895B42FE0CF60
:103700004A1711F0B41303C0EBEBFAE1E2CF9A01D0
:1037100021503109220F331F220F331FF901E354C7
:10372000F64EE590F490F901EF53F64EC591D49121
:103730008E159F051CF3A42FC817D9070CF4BECF14
:10374000F901E154F64E05911491F901ED53F64E4D
:10375000C590D490BC016E197F09072E000C880B10
:10376000990B0E94E38B4B015C01B601601B710B4E
:10377000072E000C880B990B0E94E38B9B01AC0178
:10378000C501B4010E94428C4B015C01BE016E195F
:103790007F09072E000C880B990B0E94E38B9B017D
:1037A000AC01C501B4010E9441916B017C01B801DB
:1037B000110F880B990B0E94E38B9B01AC01C70191
:1037C000B6010E9447908DCFCF93DF93CCECDDE024
:1037D0008A819B810E94501B6C837D838E839F8393
:1037E000C5EBD6E08A819B810E942B116C837D837F
:1037F0008E839F83A8951092F904DF91CF9108954D
:10380000CF92DF92EF92FF920F931F93CF93DF93AC
:10381000CDB7DEB7A0970FB6F894DEBF0FBECDBF11
:10382000611571058105910579F100E0C42ED12C57
:10383000F12CE12CA70196010E94CF8F11E0100F0F
:10384000E1E0F0E0EC0FFD1FE00FF11D07FDFA9540
:103850006083B901CA01012F6115710581059105C8
:1038600049F7115010F1E1E0F0E0EC0FFD1FE10F1E
:10387000F11D17FDFA95908187E39A3008F480E3F3
:10388000890F0E94781AEDCF80E3A0960FB6F894C6
:10389000DEBF0FBECDBFDF91CF911F910F91FF9083
:1038A000EF90DF90CF900C94781AA0960FB6F89412
:1038B000DEBF0FBECDBFDF91CF911F910F91FF9063
:1038C000EF90DF90CF900895CF93DF93EB010E94AC
:1038D0007F1ABE0190E080E04AE0DF91CF910C9426
:1038E000001CCF92DF92EF92FF926B017C01F7FEFA
:1038F0000BC08DE20E94781AF094E094D094C094AA
:10390000C11CD11CE11CF11C4AE0C701B601FF90AB
:10391000EF90DF90CF900C94001C0F931F93CF93E8
:10392000C82F8B0180910A078130A9F40E94D71A11
:10393000C8010E947F1A82E798E00E947F1AC7FDA3
:1039400019C06C2FCC0F770B880B990B0E94711C40
:103950008AE00E94781A0E94FA108091B2048111C4
:103960000EC081E08093B20480E880930A0780E073
:103970000E94DB1A8EE698E00E947F1AE9CFCF9171
:103980001F910F9108953F924F925F926F927F9295
:103990008F929F92AF92BF92CF92DF92EF92FF925F
:1039A0000F931F93CF93DF936C015B01322E48017D
:1039B000C1E0D0E0211102C0D0E0C0E0FA014080B7
:1039C000518062807380CC0FDD1FCC0FDD1F8E0114
:1039D00000511B4FA3019201F80160817181828126
:1039E00093810E94DC8B882391F0F8014082518200
:1039F0006282738211E020E030E0A901C301B201CC
:103A00000E94A79218160CF010E0F6011483F6013C
:103A100084818230C9F0833009F463C0813009F0B9
:103A20003FC0FE01E051FB4F208131814281538133
:103A3000F50160817181828193810E94DC8B87FD19
:103A40002FC082E0F6018483C051DB4FB70190E0C4
:103A500080E00E94E18B9B01AC01688179818A81C1
:103A60009B810E9446909B01AC01F50160817181B0
:103A7000828193810E94A79287FD24C00E946A10D0
:103A80002B013C019401A8EEB3E00E941B90460E6E
:103A9000571E681E791EF60140825182628273822F
:103AA000DF91CF911F910F91FF90EF90DF90CF901A
:103AB000BF90AF909F908F907F906F905F904F904E
:103AC0003F9008950E946A10F601008111812281C1
:103AD0003381601B710B820B930B97FDE1CF83E069
:103AE00084834EEA58E06EEB78E0832DDF91CF912E
:103AF0001F910F91FF90EF90DF90CF90BF90AF900C
:103B00009F908F907F906F905F904F903F900C941C
:103B10008D1C2F923F924F925F926F927F928F9265
:103B20009F92AF92BF92CF92DF92EF92FF920F934C
:103B30001F93CF93DF93CDB7DEB763970FB6F8949B
:103B4000DEBF0FBECDBF8091F904811119C063960D
:103B50000FB6F894DEBF0FBECDBFDF91CF911F919E
:103B60000F91FF90EF90DF90CF90BF90AF909F901C
:103B70008F907F906F905F904F903F902F9008951F
:103B80000E94E41B0E946A104B015C0160912402B8
:103B900070912502072E000C880B990B0E94E38B75
:103BA0002B013C0120E030E0A9016091D00D709123
:103BB000D10D8091D20D9091D30D0E944790A30119
:103BC00092010E94A79218160CF43DC36091D40D87
:103BD0007091D50D072E000C880B990B0E94E38B7A
:103BE00069837A838B839C8334E0E32EF12C08E293
:103BF00010E020E0AE014F5F5F4F60ED7DE085EEAD
:103C000094E00E94C31CC090D00DD090D10DE090E4
:103C1000D20DF090D30D6091220270912302072EF5
:103C2000000C880B990B0E94E38B9B01AC01C70130
:103C3000B6010E94A79218160CF014C1A7019601B4
:103C4000C301B2010E94A79218160CF00BC160913B
:103C5000D40D7091D50D6115710509F458C3072E67
:103C6000000C880B990B0E94E38BA70196010E9420
:103C700046901B012C0120E030E040E251EC0E9414
:103C8000DC8B87FD44C320E030E040E251E4C20118
:103C9000B1010E94A79218160CF452C38091DB0464
:103CA00081115BC32091D3043091D4044091D50499
:103CB0005091D6042D833E834F8358878091D7043B
:103CC0009091D804A091D904B091DA0489879A8799
:103CD000AB87BC87A70196016091C7047091C804A7
:103CE0008091C9049091CA040E9446902091DF0DF2
:103CF0003091E00D4091E10D5091E20D0E94428C17
:103D00002D813E814F8158850E94469020ED3CECEC
:103D10004CE45DE30E94428C2D813E814F815885A9
:103D20000E9447906D837E838F8398876093D3042E
:103D30007093D4048093D5049093D6042091DB0D26
:103D40003091DC0D4091DD0D5091DE0D2D873E87C9
:103D50004F87588B29853A854B855C85C201B10117
:103D60000E944790162F072F782E692E20E030E012
:103D7000A9010E94DC8B87FD00C32D853E854F8500
:103D8000588960E070E08FE793E40E944191698771
:103D9000798B8A8B9B8B212F302F472D562D0E949C
:103DA000DC8B87FF04C0198509897A886B88812F8D
:103DB000902FA72DB62D8093D7049093D804A0936D
:103DC000D904B093DA042091D70D3091D80D4091E9
:103DD000D90D5091DA0DC201B1010E94428C1B0134
:103DE0002C012092CB043092CC044092CD0450920E
:103DF000CE04212F302F472D562D6D857E858F8542
:103E000098890E94428C9B01AC012093CF0430938F
:103E1000D0044093D1045093D204C201B1010E9456
:103E200047902D813E814F8158850E94479020E028
:103E300030E0A9010E9447902B013C0120E030E0D6
:103E4000A9010E94DC8B87FD65C220E030E04FE7CE
:103E500053E4C301B2010E94A79218160CF064C289
:103E60006FE759C260E06093D60D8091C80D9091C4
:103E7000C90DA091CA0DB091CB0D0097A105B10558
:103E800051F1A5019401281B390B4A0B5B0BDA0198
:103E9000C901B7FD20C020E030E0A901C701B6018B
:103EA0000E9447906B017C016091C60D7091C70D17
:103EB00090E080E00E94E18B9B01AC01C701B6015C
:103EC0000E94DC8B87FFF5C140E958E06FE978E09C
:103ED00080E00E948D1C8091E1049091E204A09109
:103EE000E304B091E404A5019401281B390B4A0BAB
:103EF0005B0BDA01C901B7FF8DC120E030E046E17C
:103F000053E46091B9067091BA068091BB06909116
:103F1000BC060E94A79218160CF48DC18091EC0487
:103F20009091ED04A091EE04B091EF040097A105EB
:103F3000B10529F1881A990AAA0ABB0AB7FC1FC061
:103F4000C090B906D090BA06E090BB06F090BC06CF
:103F50006091EA047091EB0490E080E00E94E18BB4
:103F60009B01AC01C701B6010E94DC8B87FF73C1C6
:103F700040E958E06FE978E08FEF0E948D1C0091D6
:103F8000BD061091BE06B801110F880B990B0E9457
:103F9000E38B69837A838B839C8392E0E92EF12CF7
:103FA00004E110E02FEFAE014F5F5F4F69EB76E069
:103FB0008CED94E00E94C31C4090B9065090BA0664
:103FC0006090BB067090BC0620E030E040EA50E410
:103FD000C301B2010E94A79287FD18C120E030E022
:103FE00046E153E4C301B2010E94DC8B18160CF4C5
:103FF0000DC16091BD067091BE066115710509F491
:1040000002C1072E000C880B990B0E94E38BA301C1
:1040100092010E9446904B015C0120E030E040E2BA
:1040200051EC0E94DC8B87FDEEC020E030E040E2E6
:1040300051E4C501B4010E94A79218160CF47BC18B
:104040008091C4069091C506A091C606B091C7069E
:104050008D839E83AF83B88780911802811175C1CB
:104060002091C3043091C4044091C5045091C6040A
:10407000C090BF04D090C004E090C104F090C2048E
:10408000C501B4010E944790162F072F382E292E04
:1040900020E030E0A9010E94DC8B87FD69C12D8101
:1040A0003E814F81588560E070E08FE793E40E9485
:1040B00041916D877987898B9A8B212F302F432DE2
:1040C000522D0E94DC8B87FF04C01D85098539882D
:1040D0002A88812F902FA32DB22D8093C304909313
:1040E000C404A093C504B093C6042091C0063091C7
:1040F000C1064091C2065091C306C501B4010E9499
:10410000428C4B015C018092B7049092B804A0925B
:10411000B904B092BA04212F302F432D522D6D8156
:104120007E818F8198850E94428C6D837E838F83F0
:1041300098876093BB047093BC048093BD049093F4
:10414000BE04A30192016091B3047091B404809104
:10415000B5049091B6040E9446902091C806309113
:10416000C9064091CA065091CB060E94428CA70115
:1041700096010E94469020ED3CEC4CE45DE30E94E9
:10418000428CA70196010E9447906B017C01C0926E
:10419000BF04D092C004E092C104F092C2044092E5
:1041A000B3045092B4046092B5047092B6042D81A9
:1041B0003E814F815885C501B4010E944790A701F7
:1041C00096010E94479020E030E0A9010E944790AC
:1041D0006B017C0120E030E0A9010E94DC8B87FDAF
:1041E00015C020E030E04FE753E4C701B6010E945C
:1041F000A79218160CF4A2C0C701B6010E94B39191
:104200007595679504C081E08093180260E0609323
:10421000BF069DCC0E94BF11D501C4018C53964F9F
:10422000AF4FBF4F8093E1049093E204A093E30467
:10423000B093E40462CE4EEA58E06EEB78E08FEF84
:104240000E948D1C6BCE4EEA58E06EEB78E080E069
:104250000E948D1CBBCC0091BD061091BE060115BD
:104260001105F1F0C701B6010E94B3916E5F7F4F57
:10427000C8010497681779079CF47093EB04609366
:10428000EA040E946A10605A75418F4F9F4F6093F5
:10429000EC047093ED048093EE049093EF046FCEE2
:1042A0001092EC041092ED041092EE041092EF04C0
:1042B0006ACE0091D40D1091D50D01151105F1F0C4
:1042C000C701B6010E94B3916E5F7F4F0450110980
:1042D000601771079CF47093C70D6093C60D0E9420
:1042E0006A10605E714B8F4F9F4F6093C80D709343
:1042F000C90D8093CA0D9093CB0DEDCD1092C80DD2
:104300001092C90D1092CA0D1092CB0DE4CD81E030
:104310008093DB0460E0C092C704D092C804E092AE
:10432000C904F092CA049FCDC301B2010E94B391A7
:1043300075956795F0CF81E0809318026FE767CF9E
:1043400081E08093DB046FE7E6CF10921802C12C66
:10435000D12C7601A701960193CE1092DB04198629
:104360001A861B861C861D821E821F821886B2CC6E
:1043700010E000E0312C212CACCE10E000E0712CDC
:10438000612C15CDCF92DF92EF92FF926B017C01F1
:1043900083E3C816D104E104F10470F082E3C81A83
:1043A000D108E108F10862E370E080E090E00E944B
:1043B00037100E94891DECCFC701B6010E9437104B
:1043C000FF90EF90DF90CF900C94891D8091F406C0
:1043D000811104C08091E706882379F062E070E0E3
:1043E00080E090E00E94C22180913D04882329F062
:1043F00061E070E080E090E0F5CF0895CF92DF9229
:10440000EF92FF92CF93DF93EC01C880D980EA80CE
:10441000FB8084E698E00E947F1AC701B6010E94E3
:10442000711CCC80DD80EE80FF808AE69EE00E94D9
:104430007F1AC701B6010E94711CC884D984EA841E
:10444000FB8486E69EE00E947F1AC701B6010E94A7
:10445000711C8AE0DF91CF91FF90EF90DF90CF90B9
:104460000C94781ACF93DF93EB010E947F1ABE0160
:10447000DD0F880B990BDF91CF910C94711C8F92FB
:104480009F92AF92BF92CF92DF92EF92FF92CF9323
:104490006B017C01B42E20E030E0A9010E94DC8B8E
:1044A00087FF07C08DE20E94781AF7FAF094F7F8B8
:1044B000F094C0E060E070E080E09FE3CB1541F055
:1044C0002DEC3CEC4CEC5DE30E94428CCF5FF6CFD0
:1044D0009B01AC01C701B6010E9447906B017C01B2
:1044E0000E94BA914B015C014AE00E94001CCC235F
:1044F00091F1C501B4010E94E18B9B01AC01C701A0
:10450000B6010E9446906B017C018EE20E94781AEF
:10451000C15008F120E030E040E251E4C701B601AB
:104520000E94428C4B015C010E94B3916B01770F9A
:10453000EE08FF08C701B6010E94711CC701B60151
:104540000E94E38B9B01AC01C501B4010E9446901F
:104550006B017C01DDCFCF91FF90EF90DF90CF908A
:10456000BF90AF909F908F900895CF92DF92EF927F
:10457000FF926A017B010E947F1A42E0C701B601E7
:10458000FF90EF90DF90CF900C943F224F925F927C
:104590006F927F928F929F92AF92BF92CF92DF9253
:1045A000EF92FF92CF93DF93CDB7DEB72C970FB684
:1045B000F894DEBF0FBECDBFC0905F02D090600206
:1045C000E0906102F09062022091F70D3091F80DB9
:1045D0004091F90D5091FA0D609157027091580277
:1045E0008091590290915A020E9447902B013C0100
:1045F0002091FB0D3091FC0D4091FD0D5091FE0D71
:1046000060915B0270915C0280915D0290915E020C
:104610000E9447904B015C012091F30D3091F40D05
:104620004091F50D5091F60D609153027091540236
:1046300080915502909156020E944790AB01BC01B7
:104640008BE698E00E94B522B301A2018AE69EE0C3
:104650000E94B522B501A40186E69EE00E94B52223
:10466000B701A60182E69EE00E94B5220E94431493
:104670009CE0E3EEFDE0DE01119601900D929A952B
:10468000E1F781110E945014CE0101960E94FE2193
:104690002C960FB6F894DEBF0FBECDBFDF91CF9141
:1046A000FF90EF90DF90CF90BF90AF909F908F9052
:1046B0007F906F905F904F9008950C94C62288234E
:1046C000A9F10E940E1B40918C0D50918D0D6091AF
:1046D0008E0D70918F0D8BE39EE00E94B52240916C
:1046E000900D5091910D6091920D7091930D88E312
:1046F0009EE00E94B5224091940D5091950D6091DD
:10470000960D7091970D89E19BE00E94B522409132
:10471000980D5091990D60919A0D70919B0D85E3C4
:104720009EE00E94B5228AE00C94781A80E20E94F2
:10473000781AC9CFEF92FF920F931F93CF937C010A
:104740008B01C2E44F3F09F0C4E580E20E94781A71
:104750008C2F0E94781A8AE30E94781AF7016081F0
:1047600071818281938142E00E943F22F801408161
:104770005181628173818CE099E00E94B52262E0F0
:1047800070E080E090E0CF911F910F91FF90EF904B
:104790000C9437101F93CF93DF9300D000D01F925B
:1047A0001F92CDB7DEB7182F6091D40D7091D50D43
:1047B000072E000C880B990B0E94E38B6D837E8380
:1047C0008F83988720E030E0A9016091D00D70912F
:1047D000D10D8091D20D9091D30D0E9447906983A5
:1047E0007A838B839C834BEFBE016B5F7F4FCE013F
:1047F00001960E949A236091BD067091BE06072E15
:10480000000C880B990B0E94E38B6D837E838F8352
:1048100098878091B9069091BA06A091BB06B09195
:10482000BC0689839A83AB83BC834FEFBE016B5F69
:104830007F4FCE0101960E949A236091BF061F3FD1
:1048400039F087E11802F0011124E453F24F628538
:1048500070E084E199E00E9432226091BF0670E02E
:104860008FE099E00E94322228960FB6F894DEBFBE
:104870000FBECDBFDF91CF911F910895CF93DF93EE
:10488000C82FD1E0D827811102C00E940E1B80EFF3
:1048900097E00E947F1A8AEE97E00E947F1A8AE0D2
:1048A0000E94781A8AE00E94781AC11114C00E94EE
:1048B0000E1B86E396E00E947F1A87ED97E00E9428
:1048C0007F1A8091A906882309F426C28AE00E94F3
:1048D000781A0E940E1B4091A5065091A606609181
:1048E000A7067091A80683EC97E00E94B5228AE0A3
:1048F0000E94781A8091A906811108C0C11102C0D6
:104900000E940E1B88EB97E00E947F1A41E068EA44
:1049100077E08C2F0E94201B8D2F0E945F2341E0A7
:104920006BE877E08C2F0E94201BC11102C00E940F
:104930000E1B40919C0D50919D0D60919E0D7091AC
:104940009F0D82E897E00E94B5224091A00D509102
:10495000A10D6091A20D7091A30D88E39EE00E94CD
:10496000B5224091A40D5091A50D6091A60D7091B6
:10497000A70D89E19BE00E94B5224091A80D5091BE
:10498000A90D6091AA0D7091AB0D85E39EE00E9488
:10499000B5228AE00E94781A41E061E677E08C2F28
:1049A0000E94201BC11102C00E940E1B6091780D55
:1049B0007091790D80917A0D90917B0D0E94E18B21
:1049C000AB01BC0188E597E00E94B52260917C0DA7
:1049D00070917D0D80917E0D90917F0D0E94E18BF5
:1049E000AB01BC0188E39EE00E94B5226091800D7E
:1049F0007091810D8091820D9091830D0E94E18BC9
:104A0000AB01BC0189E19BE00E94B5226091840D5D
:104A10007091850D8091860D9091870D0E94E18B9C
:104A2000AB01BC0185E39EE00E94B5228AE00E94B2
:104A3000781A41E06FE077E08C2F0E94201BC111B3
:104A400002C00E940E1B4091AC0D5091AD0D6091C3
:104A5000AE0D7091AF0D86E097E00E94B5224091B7
:104A6000B00D5091B10D6091B20D7091B30D8AE708
:104A70009BE00E94B5224091B40D5091B50D60911C
:104A8000B60D7091B70D87E79BE00E94B5228AE0D2
:104A90000E94781A41E062EB76E08C2F0E94201B86
:104AA000C11102C00E940E1B6091880D7091890D8A
:104AB00080918A0D90918B0D0E94E18BAB01BC011E
:104AC00089EA96E00E94B5224091B80D5091B90D47
:104AD0006091BA0D7091BB0D81E89DE00E94B522F6
:104AE0004091BC0D5091BD0D6091BE0D7091BF0DF8
:104AF00087E79BE00E94B522409110075091110773
:104B0000609112077091130786EA96E00E94B52221
:104B10008AE00E94781A41E069E976E08C2F0E94D1
:104B2000201BC11102C00E940E1B4091990650919A
:104B30009A0660919B0670919C0680E996E00E941F
:104B4000B52240919D0650919E0660919F067091FE
:104B5000A00688E39EE00E94B5224091A1065091F4
:104B6000A2066091A3067091A40689E19BE00E94D1
:104B7000B5228AE00E94781A41E062E876E08C2F44
:104B80000E94201BC11102C00E940E1B4091D70D34
:104B90005091D80D6091D90D7091DA0D89E796E0AA
:104BA0000E94B5222CEA35EC47E25EE36091DB0D12
:104BB0007091DC0D8091DD0D9091DE0D0E94419190
:104BC000AB01BC018DE696E00E94B5222CEA35ECE3
:104BD00047E25EE36091DF0D7091E00D8091E10DA1
:104BE0009091E20D0E94428CAB01BC0189EC97E0F0
:104BF0000E94B5228AE00E94781AC11102C00E9468
:104C00000E1B4091C0065091C1066091C206709182
:104C1000C30680E796E00E94B5222CEA35EC47E215
:104C20005EE36091C4067091C5068091C6069091BE
:104C3000C7060E944191AB01BC018DE696E00E943F
:104C4000B5222CEA35EC47E25EE36091C80670912C
:104C5000C9068091CA069091CB060E94428CAB0196
:104C6000BC0189EC97E00E94B5228AE00E94781A84
:104C700040E06EE576E08C2F0E94201BC1110AC037
:104C80008AEE97E00E947F1A89E396E00E947F1ADD
:104C90000E940E1B4091E8065091E9066091EA06D9
:104CA0007091EB0685E596E00E94B5224091EC06F6
:104CB0005091ED066091EE067091EF0688E39EE05C
:104CC0000E94B5224091F0065091F1066091F206E3
:104CD0007091F30689E19BE00E94B5228AE00E9470
:104CE000781A41E065E476E08C2F0E94201BC11108
:104CF00002C00E940E1B40914F07509150076091D7
:104D00005107709152078CE396E00E94B5228AE029
:104D1000DF91CF910C94781A8CEC97E00E947F1A67
:104D2000D8CD8DE00E94781A8AE00C94781A809190
:104D3000A5038093A60388EE93E00E947F1A6091FA
:104D4000C20D7091C30D8091C40D9091C50D6F5F20
:104D50007F4F8F4F9F4F0E94711C0E949126E091C0
:104D60008F06F0E0E85DF14F8081882339F082E121
:104D70009AE00E947F1A8AE00C94781A0895CF93E3
:104D8000DF93EC010E94D71ACE010E947F1A609136
:104D9000C20D7091C30D8091C40D9091C50D0E94FC
:104DA000711C0E9491260E943C1B0196E1F70E9413
:104DB00097261092C10D1092C00DDF91CF910895EA
:104DC0000F931F93CF938C01C62F8DEC93E00E941D
:104DD0007F1AC8010E947F1A8AE30E94781A6C2FFA
:104DE00070E090E080E00E94711CCF911F910F91C4
:104DF0000C949126CF93DF93EC018991882319F0CD
:104E00000E94781AFACFDF91CF910C949126AF923D
:104E1000BF92CF92DF92EF92FF920F931F93CF93A7
:104E2000DF93C8E7DDE004E217E088E8A82E8DE014
:104E3000B82EC12CD12C7601C394699179918991B6
:104E400099910E94E18B288939894A895B890E945E
:104E5000428C0E94BA91F80161937193819391936E
:104E60008F01C616D706E806F90610F46B017C011F
:104E7000AC16BD0611F76FEF7FEFCB01A7019601CE
:104E80000E94CF8F20933407309335074093360725
:104E90005093370723EF34E045E35FE36091100759
:104EA0007091110780911207909113070E94428C14
:104EB0006B017C016091840D7091850D8091860D50
:104EC0009091870D0E94E18B9B01AC01C701B60157
:104ED0000E94428C29E732E84AE550E40E94428C65
:104EE0000E94F592609338077093390780933A07D0
:104EF00090933B07DF91CF911F910F91FF90EF901F
:104F0000DF90CF90BF90AF900895FF920F931F93C3
:104F1000CF93DF931F92CDB7DEB7F82E0EE61EE0DB
:104F200041E050E0B801CE0101960E94718B898169
:104F30008F1108C081E00F90DF91CF911F910F91E9
:104F4000FF9008950F5F1F4F8EE00A38180741F752
:104F500080E0F1CF2F923F924F925F926F927F92BB
:104F60008F929F92AF92BF92CF92DF92EF92FF9279
:104F70000F931F93CF93DF93CDB7DEB76C970FB628
:104F8000F894DEBF0FBECDBF8C015B015A8349830D
:104F9000FC01EF5AFF4F20813181428153812987E3
:104FA0003A874B875C87CA01B9010E94E18B6B018C
:104FB0007C01D5012D913D914D915C910E94428CD7
:104FC0000E9425912B013C01E981FA8120813181E8
:104FD00042815381C701B6010E94428C0E942591F3
:104FE0004B015C01C301B2010E94BA91698B7A8BBB
:104FF0008B8B9C8B683771058105910540F428E700
:1050000030E040E050E0298B3A8B4B8B5C8BC50144
:10501000B4010E94BA916D877E878F87988B68371D
:1050200071058105910540F448E750E060E070E0CB
:105030004D875E876F87788BF801E35AFF4F40807A
:10504000518062807380C301B2010E94E38B698347
:105050007A838B839C8369897A898B899C890E9456
:10506000E18B6D8B7E8B8F8B988F20E030E0A901D8
:1050700069817A818B819C810E94DC8B882309F471
:10508000E1C1A7019601C701B6010E94428C4B0104
:105090005C012D893E894F89588DCA01B9010E9452
:1050A000428C9B01AC01C501B4010E9446904B01AA
:1050B0005C0129813A814B815C81CA01B9010E945E
:1050C00047909B01AC01C501B4010E9441910E942F
:1050D00025910E94BA916D837E838F83988766277E
:1050E0007727CB0164197509860997090E94E38B1C
:1050F0004B015C016D857E858F8598890E94E18BCF
:105100002B013C0120E030E0A901C501B4010E945F
:10511000DC8B882309F49AC1A3019201C301B20177
:105120000E94428C698F7A8F8B8F9C8FA70196018A
:10513000C701B6010E94428C9B01AC01698D7A8D3A
:105140008B8D9C8D0E9446906B017C01A501940182
:10515000C501B4010E9447909B01AC01C701B60193
:105160000E9441910E94E991D80195968D909D9061
:10517000AD90BC909897750164012D813E814F815F
:105180005885C21AD30AE40AF50A0E94BA91C61ACF
:10519000D70AE80AF90AF7FE8EC02D893E894F89A1
:1051A000588DCA01B9010E94428C6B017C01298192
:1051B0003A814B815C81CA01B9010E94479069879D
:1051C0007A878B879C8720E030E0A90169817A810A
:1051D0008B819C810E94DC8B882309F43BC1C50133
:1051E000B4010E94E18B29853A854B855C850E943C
:1051F000428CA70196010E9446906D837E838F8327
:105200009887A3019201C301B2010E94428C9B01C5
:10521000AC016D817E818F8198850E9447902B0122
:105220003C0120E030E040E850E469817A818B81E4
:105230009C810E94428C9B01AC01C301B2010E947F
:1052400041910E9425912B013C0120E030E0A90111
:105250000E94A79218161CF0412C512C3201C30158
:10526000B2010E94BA916D837E838F8398878616E0
:105270009706A806B90620F48D829E82AF82B88672
:105280006D817E818F8198850E94E18B29853A8589
:105290004B855C850E94428CA70196010E94479035
:1052A0000E94F5920E94BA9169877A878B879C87C2
:1052B000C12CD12C760169857A858B859C852989BD
:1052C0003A894B895C89621B730B840B950B0E9496
:1052D000E18B29813A814B815C810E94419120E0E0
:1052E00034E244EF59E40E94428C0E94BA914B018F
:1052F0005C0169857A858B859C852D853E854F85EA
:105300005889621B730B840B950B0E94E18B2981DA
:105310003A814B815C810E94419120E034E244EF6C
:1053200059E40E94428C0E94BA912B013C013FE655
:1053300083169104A104B10408F090C0F401EE0FAB
:10534000FF1FEE0FFF1FEF51F14F85919591A59132
:10535000B4918983292E3A2EBD8B4FE64416510411
:105360006104710408F083C0F201EE0FFF1FEE0F1D
:10537000FF1FEF51F14F45915591659174919A013D
:10538000CB014D815E816F817885D80199964D93CF
:105390005D936D937C939C974C0D5D1D6E1D7F1DE1
:1053A000F80145A756A767A770ABEB5AFF4F49898D
:1053B0005A896B897C894083518362837383D59634
:1053C0008D929D92AD92BC92D897F80141AE52AEAB
:1053D00063AE74AEFD9649814083218232825D893D
:1053E00053833496208331838283938369857A85BE
:1053F0008B859C85D1966D937D938D939C93D4974B
:1054000078962D853E854F85588920833183428348
:1054100053836C960FB6F894DEBF0FBECDBFDF91FD
:10542000CF911F910F91FF90EF90DF90CF90BF90A1
:10543000AF909F908F907F906F905F904F903F9034
:105440002F90089560E070E0CB0141CE60E070E005
:10545000CB0188CE60E070E0CB01F3CEC501B40192
:105460000E94A9126983272E382E9D8B76CFC30107
:10547000B2010E94A9129B0184CF4F925F926F925A
:105480007F92AF92BF92CF92DF92EF92FF920F93F3
:105490001F93CF93DF931092AB061092AA062FE3CF
:1054A00020930E0710920D0710920C071092D6064B
:1054B0001092D7061092D8061092D9069C01E901E5
:1054C00098812F5F3F4F9032D1F39E34C9F4898188
:1054D00090ED980F9A3020F08D3211F08B3281F4DC
:1054E00022969E012F5F3F4F888180538A3008F4B7
:1054F00070C09E012F5F3F4F8881803209F46BC0DE
:10550000D093770DC093760D7E012FEFE21AF20A49
:1055100018816AE270E0C7010E945993009731F048
:10552000FC01319780818032E1F311821D3421F03A
:10553000143511F01734F1F5F70180819FEFE91A66
:10554000F90A8032C9F380538A30A0F510930E0710
:1055500090E080E0AAE0AF014F5F5F4F2081022E14
:10556000000C330B20533109A89FB001A99F700D87
:105570001124C901860F971FFA01208120532A3078
:1055800050F390930D0780930C07DF0131962C9117
:105590002032D9F31D3459F58E31910539F0ECF4F0
:1055A0008731910519F08C31910509F5B093AB065F
:1055B000A093AA06DF91CF911F910F91FF90EF90DA
:1055C000DF90CF90BF90AF907F906F905F904F90A3
:1055D0000895E90186CFE9018CCF853791053CF02C
:1055E000873791051CF3803AE3E09E07F9F240E02B
:1055F00050E0BA0130E020E0C12CD12C7601C394F8
:10560000FD0131960C91002309F48CC00132F1F4B4
:105610001D34E1F480329105C9F44093D6065093CD
:10562000D7066093D8067093D906F093AB06E09343
:10563000AA0663E270E0CF010E945993009709F433
:10564000B9CFFC011082B6CFDF01DACF01540A31A5
:1056500008F063C0DF01BD90D0E2AD2EBA1499F01E
:10566000A0EDAB0DAA3008F1AEE2BA120EC0A181D6
:10567000A053AA30D0F02115310519F49F01215013
:105680003109B12C16C0FD01E5CFADE2AA2EBA1446
:1056900019F0ABE2BA12EFCFA181B0EDBA0FBA3078
:1056A00020F0AE3241F7A281E3CFBE2EBC1A309774
:1056B00041F3A02FB0E02601370104C0440C551C73
:1056C000661C771C0A95D2F7442955296629772943
:1056D000A557BC4FBC92A081A154AA3108F4B4CF05
:1056E000DF010191002309F48BCFD0EDBD2EB00E68
:1056F000D9E0AD2EAB14A0F7D3EDBD2EB00EAA2489
:10570000A394AB1468F70B3259F3FD0131960C9159
:10571000003209F075CFDF01F8CF21153105D9F638
:105720009D01D9CF3093AB062093AA064093D606AD
:105730005093D7066093D8067093D9063BCF8091DB
:10574000F8069091F906009731F04AE050E070E0D9
:1057500060E00C94378960E070E0CB010895CF934E
:10576000DF93EB010E94FB18882319F00E949F2B06
:10577000EB01CE01DF91CF9108950E949F2B97FD01
:105780000CC00E949F2B6F3F71058105910509F0A8
:1057900034F40E949F2B862F089580E008958FEFA8
:1057A00008950E94FB1881110C94BD2B80E0089590
:1057B000CF9384E50E94FB18C0E08823F9F00E9493
:1057C000BD2BC82F1816D4F40E940E1B8DE40E9426
:1057D000781A60910C0770910D07072E000C880B4A
:1057E000990B0E94711C6C2FCC0F770B8AEB93E006
:1057F0000E9432228AE00E94781ACFEF8C2FCF913C
:1058000008958091F8069091F906892B41F00E9445
:10581000BD2B91E0811101C090E0892F089591E0A6
:10582000FCCFCF93DF93C82FD62F0E94FB1888237D
:1058300021F0DF91CF910C94012C8C2F0E94B21893
:10584000811101C08D2FDF91CF9108950F931F9388
:10585000CF938091F8069091F9060097E9F0FC014A
:105860008F01C1912C2F2F7D81F0C53411F0C536E9
:10587000B9F7F801108270E060E00E94D987F80162
:10588000C083CF911F910F91089570E060E0CF9198
:105890001F910F910C94D98760E070E0CB01F1CF9C
:1058A0002F923F924F925F926F927F928F929F9230
:1058B000AF92BF92CF92DF92EF92FF920F931F931E
:1058C000CF93DF93CDB7DEB7CF55D1090FB6F8949C
:1058D000DEBF0FBECDBF70E060E085E40E94AF2B5D
:1058E0008B8B8F5F8230F0F081E295E00E947F1A0F
:1058F000C15ADF4F0FB6F894DEBF0FBECDBFDF91A8
:10590000CF911F910F91FF90EF90DF90CF90BF90BC
:10591000AF909F908F907F906F905F904F903F904F
:105920002F90089565E070E083E40E94AF2B182F5C
:1059300060E085E50E94112C6E968FAF6E974B88C4
:10594000C12CD12CFCE8EF2EF2E4FF2E47FC06C060
:10595000C12CD12CE6E1EE2EE3E4FE2E83E50E947D
:10596000FB18882321F00E94262C6B017C01C701C3
:10597000B6010E94B391072E000C880B990B0E9470
:10598000E38B69877A878B879C871D821E821F82A3
:1059900018860E946A106C8F7D8F8E8F9F8F2B8947
:1059A0007CE3C72ED12C2F3F19F064E1C62ED12CF9
:1059B00049845A846B847C8448AA59AA6AAA7BAA1F
:1059C0008C8D9D8DAE8DBF8D8C53964FAF4FBF4F3D
:1059D0008093E1049093E204A093E304B093E40481
:1059E0002B892F3F09F44AC2E22E220FFF08F7014C
:1059F00053E0EE0FFF1F5A95E1F7E25EFD4F66811F
:105A000077816F507109072E000C880B990B0E944B
:105A1000E38B9B01AC01C301B2010E94A79218164F
:105A20000CF0DEC389E894E061CF4B8957E1450271
:105A3000F0011124E453F24F84819581A681B7814E
:105A400042C21092CC064AC2412C512C612C9EE3DA
:105A5000792E66964CAE5DAE6EAE7FAE66972AE945
:105A6000422E29E9522E29E1622E2FE3722E6A96E8
:105A70004CAE5DAE6EAE7FAE6A975B886B965FAEE6
:105A80006B976CC2412E732C602E522CC2C2AEA5F5
:105A9000BFA51C9111963C90119712960C911297EC
:105AA00013962C90D7C20E943D190AC36D96EEAD95
:105AB000FFAD6D97808362C36BEE862E912CA12C77
:105AC000B12CF2C324E130E040E050E0288F398F60
:105AD0004A8F5B8F54E1852E912CA12CB12CF2C3FF
:105AE000888E998EAA8EBB8EEDC36A962CAD3DAD85
:105AF0004EAD5FAD6A97C701B6010E94428C6B0143
:105B00007C01AC019B01C301B2010E94428C6696EC
:105B10002CAD3DAD4EAD5FAD66970E94428C6EA33D
:105B20007FA388A799A7A7019601C701B6010E9484
:105B30004790A30192010E9441916AA37BA38CA389
:105B40009DA386EC94E00E947F1AB701A60180EC29
:105B500094E00E94B5224AA15BA16CA17DA18AEBD1
:105B600094E00E94B5224EA15FA168A579A584EBBF
:105B700094E00E94B5228AE00E94781A888D998D5F
:105B8000AA8DBB8D880D991DAA1DBB1DB595A79526
:105B9000979587956D96EEADFFAD6D97808351C457
:105BA0008B898F3F59F73FC4142D372C062D252C98
:105BB000F6C28C899D89AE89BF8929964CAC5DACB3
:105BC0006EAC7FAC299784199509A609B709B7FD72
:105BD00062C06B968FAD6B970E94CA238AE00E94C9
:105BE000781A2C893D894E895F892053384F4F4F51
:105BF0005F4F29962CAF3DAF4EAF5FAF29972A96E6
:105C00004FAC2A9741107FC04D805E806F807884B2
:105C10002E962CAD3DAD4EAD5FAD2E97C301B201BA
:105C20000E94A79218160CF056C020E030E040E029
:105C300050E4C301B2010E9447902E966CAF7DAF35
:105C40008EAF9FAF2E9724962CAD3DAD4EAD5FAD80
:105C500024978C899D89AE89BF89280F391F4A1FD7
:105C60005B1F62962CAF3DAF4EAF5FAF629720E0F7
:105C700030E040EC50E468A979A98AA99BA90E9468
:105C80004690A30192010E94DC8B881F8827881F01
:105C90002A968FAF2A978C899D89AE89BF89880FF4
:105CA000991FAA1FBB1F4C8D5D8D6E8D7F8D4DA8DA
:105CB0005EA86FA878AC440D551D661D771D841B2A
:105CC000950BA60BB70B81389F44A241B10598F103
:105CD0008BE694E078C28C899D89AE89BF896296F3
:105CE0004CAC5DAC6EAC7FAC629784199509A6098B
:105CF000B70940E958E06FE978E0B7FDCCCF8B8970
:105D00000E948D1CC8CF20E030E040EF51E469854F
:105D10007A858B859C850E9446902D813E814F819E
:105D200058850E94A79218160CF0B5CF4EEA58E09D
:105D30006EEB78E0E4CFA0964EAC5FACA09768A085
:105D400079A0461457040CF09DCE93012330310501
:105D50000CF498CE8EE094E00E947F1A3B890EE608
:105D600018E03F3F11F005ED14E081EF93E00E9451
:105D70007F1AC8010E947F1AB701A6018AE094E049
:105D80000E94B5228AE00E94781A81EF93E00E9477
:105D90007F1AC8010E947F1A4AA15BA16CA17DA154
:105DA00086E094E00E94B5228AE00E94781A81EF92
:105DB00093E00E947F1AC8010E947F1A4EA15FA142
:105DC00068A579A582E094E00E94B5228AE00E944D
:105DD000781A6E964FAC6E97442089F12CEA35EC18
:105DE00047E25EE36AA17BA18CA19DA10E94428C47
:105DF0002B013C012CEA35EC47E25EE36EA17FA16A
:105E000088A599A50E9441912B892F3F19F5C09231
:105E1000C006D092C106E092C206F092C30640923C
:105E2000C4065092C5066092C6067092C70660937B
:105E3000C8067093C9068093CA069093CB064DACF2
:105E40005EAC6FAC4D865E866F86CE010D960E946D
:105E500008194ECD3B8947E13402F0011124E45387
:105E6000F24FC386D486E586F6864786508A618AD5
:105E7000728A638B748B858B968BE1CF20E030E048
:105E80004CE053E468A979A98AA99BA90E94A7922A
:105E900018160CF4C7CD8DE095E00E947F1A0E9481
:105EA000FA108FE78093BF0681E0809346023B891A
:105EB0003F3F09F0BACD8091B9069091BA06A09102
:105EC000BB06B091BC0689839A83AB83BC838B8964
:105ED0008F3F09F0B6CD8FE78093CC060E94F41176
:105EE0006DAF7EAF8FAF9601A8EEB3E00E941B901E
:105EF00024966CAF7DAF8EAF9FAF24974C8C5D8C9A
:105F00006E8C7F8C460E571E681E791E62964CAEB4
:105F10005DAE6EAE7FAE62972B892F3F09F094CDB8
:105F20003BEA432E3AEA532E652C3EE3732E6696E7
:105F30004CAE5DAE6EAE7FAE66974DEC442E4CEC33
:105F4000542E4CE4642E4EE3742E6A964CAE5DAE35
:105F50006EAE7FAE6A976B961FAE6B974C8C5D8C66
:105F60006E8C7F8C4DAA5EAA6FAA78AE29964CAE35
:105F70005DAE6EAE7FAE2997FFE74F2E512C612CA0
:105F8000712C488E598E6A8E7B8E1EA21FA218A677
:105F900019A61AA21BA21CA21DA2C12CD12C7601EB
:105FA000412CA0E47A2EBCE16B2E06E4502E1AA6FA
:105FB0001BA61CA61DA62A961FAE2A972E96CCAE0F
:105FC000DDAEEEAEFFAE2E978FE7882E912CA12C82
:105FD000B12C19AE1AAE1BAE1CAE21E02CAB19A22F
:105FE00018A23B8947E13402C00111248453924F27
:105FF000DC011A966D96BFAFAEAF6D97FC0134967B
:10600000FFA7EEA7212F110F330BA0963FAF2EAFA6
:10601000A09780914602882309F4D7C00E946A1095
:106020006C8B7D8B8E8B9F8B3091F90425963FAFC7
:106030002597332309F4B8CD0E94E41B4B894F3FC9
:1060400009F025CD1091B9063090BA060091BB0633
:106050002090BC06812F932DA02FB22D8D839E837F
:10606000AF83B8872AA53BA54CA55DA5612F732DED
:10607000802F922D0E94A792181624F41AA73BA6EF
:106080000CA72DA6242D372D462D552D612F732DB0
:10609000802F922D0E94DC8B87FD04C0142D372C9D
:1060A000062D252CBB89AE01475F5F4FBE016B5F9C
:1060B0007F4FCE010196BF3F09F0F5CC0E94CD196C
:1060C0008091E1049091E204A091E304B091E40492
:1060D0004C885D886E887F88481A590A6A0A7B0A4C
:1060E000D301C201B7FD12C00E94BF118C899D89E6
:1060F000AE89BF898C53964FAF4FBF4F8093E10459
:106100009093E204A093E304B093E40469847A8456
:106110004B845C842D813E814F8158858CA9B301CD
:10612000882309F46EC0C2010E94DC8B87FF37C050
:106130004C895D896E897F898DA99EA9AFA9B8AD6B
:10614000481B590B6A0B7B0BDB01CA018858934132
:10615000A109B109B7FD23C0888D998DAA8DBB8D8A
:1061600088199909AA09BB09B595A79597958795A7
:10617000EB89EF3F09F09ACC8093BF0649AF5AAF45
:106180006BAF7CAF6AA67BA64CA65DA64C885D88EB
:106190006E887F884C8E5D8E6E8E7F8E1CAA20E06E
:1061A00030E040EF51E469857A858B859C850E94BB
:1061B00047902D813E814F8158850E94DC8B87FF5F
:1061C000F8CC89E894E00E947F1A0E94FA104DAC46
:1061D0005EAC6FAC488A598A6A8ACE01409637CE47
:1061E0008DE095E00E947F1A0E94FA1087E18E9D53
:1061F000F0018F9DF00D1124E453F24F8FE7828759
:1062000053CEC2010E94A79218164CF68C899D8924
:10621000AE89BF894C8C5D8C6E8C7F8C84199509FE
:10622000A609B709AC01BD0148585341610971097C
:1062300077FDB5CF68A079A0672809F4B1CC49AC47
:106240005AAC6BAC7CAC480E591E6A1E7B1E29AD45
:106250003AAD4BAD5CAD281B390B4A0B5B0BC5014E
:10626000B4010E94BF8FA30192010E94F18F888C1C
:10627000998CAA8CBB8C820E931EA41EB51E24E1A1
:1062800082169104A104B1040CF41CCC3CEE8316DC
:106290009104A104B1040CF00FCC40E884169104E1
:1062A000A104B1040CF41CCC888E998EAA8EBB8EEE
:1062B0008EEF90E0A0E0B0E088199909AA09BB0927
:1062C0004C015D0185E095E00E947F1A688D798D13
:1062D0008A8D9B8D0E94711C80E095E00E947F1A40
:1062E000C501B4010E94711C412F532D602F722DE6
:1062F00089EF94E00E94B5224AA55BA56CA57DA517
:1063000082EF94E00E94B52248A159A14330510583
:106310000CF446CCC501B4010E94E38B20E030E0D0
:1063200040E850E40E94428C6B017C01212F332D08
:10633000402F522D6AA57BA58CA59DA50E94469055
:106340002BED3FE049E450E40E94428C20E030E035
:1063500040E05FE30E94428C9B01AC01C701B601A3
:106360000E9441916B017C01C301B2010E94E38B49
:106370002FE632E143E85AE30E94428C2B013C01B4
:10638000B701A6018CEE94E00E94B522B301A201F0
:1063900086EE94E00E94B5225B895F3F09F0A5CBB1
:1063A0002DEC3CEC4CE45EE3C701B6010E94428C4C
:1063B0006B017C01AC019B010E944790A3019201FB
:1063C0000E9441916AA37BA38CA39DA3A701960180
:1063D000C301B2010E94428C20E030E040E450E46E
:1063E0000E9441916EA37FA388A799A786ED94E0B0
:1063F0000E947F1AB701A60180EC94E00E94B522AA
:106400004AA15BA16CA17DA18AEB94E00E94B52218
:106410004EA15FA168A579A584EB94E00E94B52206
:106420008AE00E94781A888D998DAA8DBB8D880D7F
:10643000991DAA1DBB1DB595A79597958795809326
:10644000BF0628A139A12F5F3F4F39A328A3198583
:106450003A840B852C844C885D886E887F884DAA91
:106460005EAA6FAA78AE25965FAC25975CAA97CEF8
:1064700086E40E94B2188093F804882351F00E94A9
:10648000262C609308027093090280930A0290936D
:106490000B0283E50E94B218882351F00E94262C3B
:1064A00060930402709305028093060290930702A2
:1064B00082E40E94B218882351F00E94262C609337
:1064C00000027093010280930202909303020895E8
:1064D0008F929F92AF92BF92CF92DF92EF92FF92F4
:1064E0000F931F93CF938AEFE82E86E0F82E03E5F3
:1064F00012E093EFC92E9DE0D92EC0E088E58C0F05
:106500000E94FB18882309F47CC00E94262C4B01B2
:106510005C018C2F0E949818882309F468C0F80148
:106520002081318142815381C501B4010E9447908D
:10653000F7016083718382839383CF5FF4E0EF0E72
:10654000F11C0C5F1F4F84E0C80ED11CC330B1F6A4
:1065500085E40E94FB18882309F45EC00E94262C63
:106560006B017C0183E00E949818882371F02091D0
:106570005F02309160024091610250916202C70156
:10658000B6010E9447906B017C01C0920607D09231
:106590000707E0920807F092090786E40E94FB18BB
:1065A0008823C9F00E94262C20E030E0A9010E9437
:1065B000A792181684F40E94262C20E030E040E7D1
:1065C00052E40E9441916093490270934A02809381
:1065D0004B0290934C02CF911F910F91FF90EF903F
:1065E000DF90CF90BF90AF909F908F900895F6016D
:1065F0002081318142815381C501B4010E944690BE
:1066000097CFF80180819181A281B381F7018083C6
:106610009183A283B38391CF80915F0290916002B6
:10662000A0916102B09162028093060790930707E0
:10663000A0930807B0930907B0CF2F923F924F92D3
:106640005F926F927F928F929F92AF92BF92CF9202
:10665000DF92EF92FF920F931F93CF93DF9300D0BF
:1066600000D01F921F92CDB7DEB70E946A106B0157
:106670007C010091450209830023F1F080910F070E
:106680008823D1F0409118035091190360911A03A7
:1066900070911B0397018601041B150B260B370B0A
:1066A000B901A80177FD1BC0833009F4D6C00CF0F6
:1066B000C5C081300CF0CAC01981212F30E0A8EE8E
:1066C000B3E00E941B90C60ED71EE81EF91EC092B2
:1066D0001803D0921903E0921A03F0921B038091E1
:1066E0008406843008F074C080E6F82E01E08091C2
:1066F0008406843008F06CC08091A5039091A603B5
:10670000891B8F7709F464C00E943C1B97FDEFCF73
:106710008A3019F08D3009F04DC1109285038091B7
:10672000C00D9091C10DFC01EB5DFC4F1082892BD7
:1067300009F498C01092C10D1092C00D25E233E00B
:106740003F832E83EE81FF818191803209F48DC0D9
:106750008E3409F0CBC068EA73E08E819F810E947D
:10676000928B6C01892B49F06EE470E08E819F81E1
:1067700004960E945993009711F48E819F814AE0FC
:1067800050E070E060E001960E943789AB01BC01E7
:1067900040932103509322036093230370932403B7
:1067A0008091C20D9091C30DA091C40DB091C50D03
:1067B0000196A11DB11D481759076A077B0709F407
:1067C00057C0CD2809F054C085E793E00E94BF264A
:1067D0000E946A106B017C018091AC069091AD061D
:1067E000A091AE06B091AF060097A105B10509F4DE
:1067F0000BC14091CD065091CE066091CF067091AD
:10680000D006840F951FA61FB71F97018601081B8E
:10681000190B2A0B3B0BD901C801B7FDF5C00E942B
:10682000D71A6091760D7091770D88E792E00E94FB
:10683000C41A8AE00E94781A80E087C0843009F088
:106840003BCF0E940E1B87E392E004C00E940E1B08
:1068500086E692E00E947F1A2FCF0E940E1B8FE4E3
:1068600092E0F8CF0E94891D42CFFF83EE836ACF6A
:106870006AE270E08E819F810E9482939C01009762
:1068800011F1982F4E81941B10E0992341F0915003
:10689000EE81FF81E90FF11D80811827F6CF4AE0D4
:1068A00050E070E060E0C90101960E943789812EB6
:1068B000912CB12CA12C681579058A059B0531F026
:1068C00086E593E083CF8CE293E080CF8091210333
:1068D00090912203A0912303B09124038093C20DD1
:1068E0009093C30DA093C40DB093C50D80910A077A
:1068F0008130C1F067E470E08E819F810E945993DE
:10690000009781F04AE050E070E060E001960E945C
:106910003789643071058105910520F485EB92E09B
:106920000E947F1A63EE72E08E819F810E946493C1
:10693000892B11F41092460268EE72E08E819F81DD
:106940000E946493892B19F481E00E94DB1A6DEE9A
:1069500072E08E819F810E946493892B11F40E94C2
:106960000D50809125038B3309F4C1CE109184061C
:106970001A83143008F0BBCE109120031F9DC00174
:10698000112465E273E08C5F9A4F0E946D93E12FB2
:10699000F0E0E85DF14F00831F5F1983143038F495
:1069A000109320031A811F5F10938406A0CE1092CB
:1069B0002003F8CF90918503913009F498CE94305C
:1069C000B0F09450909385032091C00D3091C10D8B
:1069D000A9014F5F5F4F5093C10D4093C00D2B5DD8
:1069E0003C4FF90180834F3551055CF480CE8C35E6
:1069F00031F49C5F90938503943031F778CE8B33DC
:106A000019F70093850373CE809141029091420261
:106A1000A0914302B09144020097A105B10589F00D
:106A20003091020E2091030E321709F4BFC00E946C
:106A30006A106093CD067093CE068093CF06909334
:106A4000D0068091860390918703A0918803B0912E
:106A5000890397018601081B190B2A0B3B0BD901EF
:106A6000C801B7FD5CC19091020E8091030E609148
:106A70003D07981749F0E091030E12E6E19FF001FF
:106A80001124EC54F84F608170E089E00E943B0FC4
:106A90008091F804882309F435C1209004023090D5
:106AA0000502009106020887109107021E8360917B
:106AB000D40D7091D50D6E5F7F4F072E000C880BA3
:106AC000990B0E94E38B9101A8010E94DC8B87FD4A
:106AD00019C10091030E09831A821B821C821D8238
:106AE0008091020E1981811709F49BC0812F90E0DB
:106AF00022E6289FF001299FF00D1124ED5AF84F4E
:106B0000458956896789708D452B462B472B81F423
:106B1000418D528D638D748D452B462B472B41F44F
:106B2000458D568D678D70A1452B462B472BC9F19E
:106B300032E6389F8001399F100D11240D5A184FED
:106B4000F80161817281838194810E94F5924B01E9
:106B50005C01F80161A172A183A194A10E94E18B63
:106B60002B013C01F80165A176A187A190A50E94A7
:106B7000E18B9B01AC01C301B2010E944191A501CF
:106B800094010E94428C5B018C012A813B814C81E3
:106B90005D810E94A792181624F4AA82BB820C83FE
:106BA0001D8389818F5F8F7089839ACF4091CD0635
:106BB0005091CE066091CF067091D006840F951F3C
:106BC000A61FB71FA7019601281B390B4A0B5B0BA9
:106BD000DA01C901B7FD22C080918A03811131CF4A
:106BE00081E080938A035F9A8091F6068E7F80937E
:106BF000F6068A9A8091F6068D7F8093F60680913C
:106C000008018095817080930601479A8091F6066D
:106C10008B7F8093F6060E945C1A13CF10928A0332
:106C200010CF209108023091090240910A02509140
:106C30000B026A817B818C819D810E94428C910133
:106C400048855E810E9447905B018C016090000244
:106C50007090010280900202909003029B01AC01AF
:106C6000B10188859E810E94A792181664F0930155
:106C7000A401B501C8010E94A79218160CF49CC08B
:106C8000150108871E8380901C0390901D03A0901F
:106C90001E03B0901F03910148855E81C501B401B8
:106CA0000E94A7921816E4F420E037ED43EA5CE373
:106CB000B10188859E810E94428C2B013C0128E411
:106CC00031EE4AE75FE3C501B4010E94428C9B01AB
:106CD000AC01C301B2010E9447901B0188879E83CB
:106CE000C101A885BE8180931C0390931D03A093CE
:106CF0001E03B0931F03B101CD010E94B391CB01DC
:106D00000E949912F4E6CF0ED11CE11CF11CC09236
:106D10008603D0928703E0928803F09289030E9451
:106D2000891D0091B4060983002309F449C00E941B
:106D30006A100091B0061091B1062091B206309110
:106D4000B306601B710B820B930B97FD39C00E9439
:106D50006A106B017C011981212F30E0A8EEB3E0AD
:106D60000E941B90C60ED71EE81EF91EC092B006E8
:106D7000D092B106E092B206F092B30680E00E9493
:106D8000CA238AE028960FB6F894DEBF0FBECDBFA7
:106D9000DF91CF911F910F91FF90EF90DF90CF90F7
:106DA000BF90AF909F908F907F906F905F904F902B
:106DB0003F902F900C94781A130188869E8263CF9F
:106DC00028960FB6F894DEBF0FBECDBFDF91CF91EE
:106DD0001F910F91FF90EF90DF90CF90BF90AF90F9
:106DE0009F908F907F906F905F904F903F902F90EB
:106DF00008952F923F924F925F926F927F928F925F
:106E00009F92AF92BF92CF92DF92EF92FF920F9339
:106E10001F93CF93DF93CDB7DEB7CD57D1090FB610
:106E2000F894DEBF0FBECDBF4B015A0169016196D8
:106E3000FFAEEEAE6197DC012D913D914D915C91DD
:106E4000A5962CAF3DAF4EAF5FAFA59720918C0DAF
:106E500030918D0D40918E0D50918F0DA5966CAD9A
:106E60007DAD8EAD9FADA5970E94428C0E94B492DD
:106E7000E5966CAF7DAF8EAF9FAFE597D4012D91B6
:106E80003D914D915C91A9962CAF3DAF4EAF5FAF58
:106E9000A9972091900D3091910D4091920D5091B4
:106EA000930DA9966CAD7DAD8EAD9FADA9970E9457
:106EB000428C0E94B492E9966CAF7DAF8EAF9FAFCB
:106EC000E997D5012D913D914D915C91AD962CAFF7
:106ED0003DAF4EAF5FAFAD972091940D3091950DC2
:106EE0004091960D5091970DAD966CAD7DAD8EADE8
:106EF0009FADAD970E94428C0E94B492ED966CAF0C
:106F00007DAF8EAF9FAFED97D6012D913D914D9105
:106F10005C9169962CAF3DAF4EAF5FAF6997209102
:106F2000980D3091990D40919A0D50919B0D699655
:106F30006CAD7DAD8EAD9FAD69970E94428C0E9475
:106F4000B492A1966CAF7DAF8EAF9FAFA1978091A9
:106F5000750D83FF1CC0A1962CAD3DAD4EAD5FAD50
:106F6000A1972093240E3093250E4093260E509324
:106F7000270E69968CAD9DADAEADBFAD6997809380
:106F8000140E9093150EA093160EB093170E8091C9
:106F9000730D9091740D892B11F00C946E47D801EC
:106FA0003C9011962C9011971296BC91BFAFF801AE
:106FB000F381FBAB8091020E9091030E891B8095AB
:106FC0008F7019F40E941D33F5CF2091020EEE96BA
:106FD0002FAFEE978091020E482F50E05CA34BA399
:106FE00052E6859FC0011124DC01AD5AB84F659669
:106FF000BFAFAEAF65978091180E9091190EA0911A
:107000001A0EB0911B0EE5964CAC5DAC6EAC7FAC2D
:10701000E597481A590A6A0A7B0A80911C0E9091DA
:107020001D0EA0911E0EB0911F0EE9968CAC9DAC6A
:10703000AEACBFACE997881A990AAA0ABB0A80913C
:10704000200E9091210EA091220EB091230EED966C
:107050002CAD3DAD4EAD5FADED97281B390B4A0B06
:107060005B0B2FA338A749A75AA78091240E9091B4
:10707000250EA091260EB091270EA1962CAD3DAD08
:107080004EAD5FADA197281B390B4A0B5B0B2FA7A9
:1070900038AB49AB5AAB232B242B252B09F497C0D3
:1070A00080914E0781113CC020E030E0A901609141
:1070B000D00D7091D10D8091D20D9091D30D0E9481
:1070C00047900E94B3912091510230915202621771
:1070D000730734F5A1968CAD9DADAEADBFADA19754
:1070E0008093240E9093250EA093260EB093270E26
:1070F00069962CAD3DAD4EAD5FAD69972093140EF2
:107100003093150E4093160E5093170E0E940E1BCF
:1071100084E09EE00E947F1A1FA618AA19AA1AAA44
:107120006FA578A989A99AA90E94E38B20914D02A5
:1071300030914E0240914F02509150020E94428C79
:107140006B017C0120E030E0A9010E94A79287FF3B
:1071500004C0F7FAF094F7F8F09420E030E048E447
:1071600053E46091980D7091990D80919A0D9091D2
:107170009B0D0E94428CA70196010E94DC8B87FF29
:1071800026C0A1968CAD9DADAEADBFADA19780934D
:10719000240E9093250EA093260EB093270E699689
:1071A0002CAD3DAD4EAD5FAD69972093140E30937D
:1071B000150E4093160E5093170E0E940E1B85EE6F
:1071C0009DE00E947F1A1FA618AA19AA1AAAD30125
:1071D000C2018827B7FD83959927AA27BB27182FB7
:1071E000B7FC12608FA198A5A9A5BAA5B7FD146038
:1071F0002FA538A949A95AA957FD18606FA578A9E4
:1072000089A99AA90E94E38B20914D0230914E02E8
:1072100040914F02509150020E94428C6B017C01C0
:1072200020E030E0A9010E94A79287FD02C00C94E3
:10723000C541C701B601905820E030E040E05FE36F
:107240000E9447900E94BA912B966CAF7DAF8EAF93
:107250009FAF2B9782E64BA15CA1849FF001859F95
:10726000F00D1124ED5AF84F1082EB5BFF4F1083A5
:107270008FA198A5A9A5BAA58BAF9CAFADAFBEAFA6
:10728000B7FF0BC0B095A095909581959F4FAF4FDC
:10729000BF4F8BAF9CAFADAFBEAF8BA69CA6ADA6CC
:1072A000BEA6B7FE0BC022273327A901281939092A
:1072B0004A095B092BA73CA74DA75EA74FAA58AE6A
:1072C00069AE7AAE77FE0BC088279927DC01841956
:1072D0009509A609B7098FAB98AFA9AFBAAF2FA987
:1072E00038AD49AD5AAD6596AEADBFAD6597559613
:1072F0002D933D934D935C9358972BA53CA54DA59D
:107300005EA559962D933D934D935C935C972BAD61
:107310003CAD4DAD5EAD5D962D933D934D935C932D
:107320009097C301B2010E94E38B20913E073091F8
:107330003F0740914007509141070E94428C279699
:107340006CAF7DAF8EAF9FAF2797698B7A8B8B8B9E
:107350009C8BC501B4010E94E38B209142073091C0
:10736000430740914407509145070E94428C2F9655
:107370006CAF7DAF8EAF9FAF2F976D8B7E8B8F8B5A
:10738000988F6FA178A589A59AA50E94E38B20917B
:1073900046073091470740914807509149070E949E
:1073A000428C4B015C01898E9A8EAB8EBC8E2091F3
:1073B0004A0730914B0740914C0750914D07C70148
:1073C000B6010E94428C6B017C01CD8EDE8EEF8E69
:1073D000F8A22FA938AD49AD5AAD26303105410587
:1073E00051050CF0D6C78BA59CA5ADA5BEA50697EB
:1073F000A105B1050CF0CDC72BAD3CAD4DAD5EADDB
:1074000026303105410551050CF0C3C720E030E0BE
:10741000A901C701B6010E94A79287FF04C0F7FA2D
:10742000F094F7F8F09482E64BA15CA1849F800170
:10743000859F100D11240D5A184F20E030E0A9014E
:10744000C701B6010E944790D8011D966D937D93A8
:107450008D939C93509782E6ABA1BCA18A9FF001CB
:107460008B9FF00D1124ED5AF84F2B962CAD3DADAE
:107470004EAD5FAD2B9721A332A343A354A38BAD95
:107480009CADADADBEAD2BA53CA54DA55EA58217AF
:107490009307A407B50710F4DA01C9012FA938AD85
:1074A00049AD5AAD82179307A407B50710F4DA0166
:1074B000C9012B962CAD3DAD4EAD5FAD2B9782171C
:1074C0009307A407B50710F4DA01C90122E64BA11E
:1074D0005CA1249FF001259FF00D1124ED5AF84F77
:1074E00085A396A3A7A3B0A70697A105B10510F49D
:1074F0000C945147EF59FF4F80913D0780834528F9
:107500004628472809F05F9882E6ABA1BCA18A9F74
:10751000F0018B9FF00D1124ED5AF84F818D928D63
:10752000A38DB48D892B8A2B8B2B09F08A9882E648
:107530002BA13CA1829FF001839FF00D1124ED5AF5
:10754000F84F858D968DA78DB0A1892B8A2B8B2B1B
:1075500031F08091080181708093060147982B9645
:107560008CAD9DADAEADBFAD2B97892B8A2B8B2BF0
:1075700011F40C94704780913C07882319F08150D6
:1075800080933C07129880E280933C07E090B80D0E
:10759000F090B90D0091BA0D1091BB0D9701A801A3
:1075A000632D722D8FAD9BA90E94DC8B87FD04C0DB
:1075B000E32CF22C0FAD1BA982E6ABA1BCA18A9FE4
:1075C000F0018B9FF00D1124ED5AF84F458456843D
:1075D00067847088A301920160E070E080E89FE317
:1075E0000E9441916FAB78AF89AF9AAF9701A80124
:1075F0000E94428C6B017C018091020E9091000EE2
:10760000891B8F7024968FAF2497A701960160E0A5
:1076100074E284E799E40E9441910E94B4924B0184
:107620005C0124968FAD249782508630B0F580910E
:10763000880D9091890DA0918A0DB0918B0D8816BF
:107640009906AA06BB0648F5BC01CD01681979095F
:107650008A099B09660F771F881F991F2496BFAD63
:1076600024972B2F30E050E040E00E94CF8FCA01DA
:10767000B9010E94E18B0E94B391680D791D8A1DAA
:107680009B1D0E94E18B9B01AC0160E074E284E7EA
:1076900099E40E9441916B017C01A7019601C3010D
:1076A000B2010E94428C9B01AC010E94428C2F9639
:1076B0006CAF7DAF8EAF9FAF2F9782E6EBA1FCA1A1
:1076C0008E9F80018F9F100D11240D5A184F2F96F9
:1076D0002CAD3DAD4EAD5FAD2F97D80111962D93DA
:1076E0003D934D935C93149795962D913D914D91BB
:1076F0005C9198972BAF3CAF4DAF5EAFCA01B9011B
:107700000E94E18B23966CAF7DAF8EAF9FAF239726
:107710009B01AC01C701B6010E94428C0E942591D9
:107720000E94BA9163966CAF7DAF8EAF9FAF6397A7
:10773000F801EF5AFF4F6083718382839383FE01C8
:107740007196FCABEBAB2CE93DE06B963FAF2EAFF7
:107750006B97AE01435E5F4F5AA349A3212C312C96
:1077600050E85FA38FE38BA7ABA9BCA92D913D91F6
:107770004D915D91BCABABABC701B6010E94428C91
:107780004B015C0120E030E0A9010E94A79287FF35
:1077900004C0B7FAB094B7F8B0946B96EEADFFADF5
:1077A0006B9741905190619071906B96FFAFEEAFE7
:1077B0006B97A5019401C301B2010E94DC8B87FF86
:1077C00012C0A5019401C301B2010E9441915B0165
:1077D0008C0191014FA15BA50E94DC8B87FF03C048
:1077E00015010FA31BA729A13AA14BA95CA9241736
:1077F000350709F0B9CF2D8D3E8D4F8D58A1C701AA
:10780000B6010E94428C6B017C0120E030E0A901AE
:107810000E94A79287FF04C0F7FAF094F7F8F0945B
:107820008090A80D9090A90DA090AA0DB090AB0DDE
:10783000A7019601C501B4010E94DC8B87FF12C02D
:10784000A7019601C501B4010E9441917B018C0101
:1078500091014FA15BA50E94DC8B87FF03C017013C
:107860000FA31BA720E030E040E85FE3B1018FA148
:107870009BA50E94DC8B87FF39C022E6ABA1BCA18F
:107880002A9FC0012B9F900D1124FC01ED5AF84F47
:107890007F018F010F5A1F4F63966CAD7DAD8EAD8A
:1078A0009FAD63970E94E18B91014FA15BA50E9460
:1078B000428C0E94BA91D8016D937D938D939C93D5
:1078C000139791014FA15BA5B1018FA19BA50E94C8
:1078D000428C2F962CAD3DAD4EAD5FAD2F970E94E3
:1078E000428CF701618372838383948323962CAD4A
:1078F0003DAD4EAD5FAD23976FA978AD89AD9AAD23
:107900000E94428C6BAB7CAB8DAB9EAB82E62BA115
:107910003CA1829F8001839F100D11240D5A184FA6
:10792000D80155968D919D910D90BC91A02D8FA35E
:1079300098A7A9A7BAA7892B8A2B8B2B09F084C5F6
:10794000F801818D928DA38DB48D892B8A2B8B2B81
:1079500009F07AC5858D968DA78DB0A1892B8A2BCC
:107960008B2B09F071C52091B00D3091B10D409174
:10797000B20D5091B30D6BA97CA98DA99EA90E944F
:10798000428C0E9425910E94BA912B013C01F80182
:10799000EA5BFF4F108282E64BA15CA1849F8001CD
:1079A000859F100D11240D5A184FF801E35AFF4F0F
:1079B0004082518262827382C301B2010E94E18BD4
:1079C0002BA93CA94DA95EA90E9441916FA778AB54
:1079D00089AB9AABD80151966D937D938D939C930F
:1079E0005497F801EA5BFF4F8081882381F1780189
:1079F000B7E4EB0EF11C379620813181428153812F
:107A000060914F07709150078091510790915207F4
:107A10000E94428C2FA538A949A95AA90E94428CDC
:107A20002091980D3091990D40919A0D50919B0D98
:107A30000E94428C9B01AC0160E074E284EF99E407
:107A40000E9441910E94BA91F70171836083298954
:107A50003A894B895C896FA978AD89AD9AAD0E944E
:107A6000428C2F966CAF7DAF8EAF9FAF2F972D8935
:107A70003E894F89588D6FA978AD89AD9AAD0E9426
:107A8000428C63966CAF7DAF8EAF9FAF6397298DAD
:107A90003A8D4B8D5C8D6FA978AD89AD9AAD0E9402
:107AA000428C6D966CAF7DAF8EAF9FAF6D972D8D75
:107AB0003E8D4F8D58A16FA978AD89AD9AAD0E94CA
:107AC000428CE1966CAF7DAF8EAF9FAFE19724966D
:107AD000FFAD2497FF2309F4D8C72091040E2FA3EC
:107AE0003091050E3BA72090060E3090070E2DEB2F
:107AF00037E346E855E36FA17BA5C1010E94DC8B0B
:107B000087FDC3C78090140790901507A0901607B3
:107B1000B0901707C0901807D0901907E0901A0787
:107B2000F0901B0780911C0790911D07A0911E07E4
:107B3000B0911F072B968CAF9DAFAEAFBFAF2B9709
:107B4000209120073091210740912207509123076F
:107B50002FAB38AF49AF5AAFC501B40190582F963B
:107B60002CAD3DAD4EAD5FAD2F970E94428C2B01E9
:107B70003C01C701B601905863962CAD3DAD4EADAA
:107B80005FAD63970E94428C9B01AC01C301B201BF
:107B90000E9447902B013C012B966CAD7DAD8EADC4
:107BA0009FAD2B9790586D962CAD3DAD4EAD5FAD12
:107BB0006D970E94428C9B01AC01C301B2010E94EF
:107BC00047902B013C016FA978AD89AD9AAD9058D3
:107BD000E1962CAD3DAD4EAD5FADE1970E94428C7C
:107BE0009B01AC01C301B2010E9447902B013C01F3
:107BF0002FEE3FEF4FE75FE30E94A79218160CF4B9
:107C00003DC72FEE3FEF4FE75FEBC301B2010E948C
:107C1000DC8B87FF08C05FEE452E55245A945FE742
:107C2000652E5FEB752EA50194012F966CAD7DAD91
:107C30008EAD9FAD2F970E9446906BAF7CAF8DAFFE
:107C40009EAF69837A838B839C83A7019601639699
:107C50006CAD7DAD8EAD9FAD63970E94469023962F
:107C60006CAF7DAF8EAF9FAF23976D837E838F8385
:107C700098872B962CAD3DAD4EAD5FAD2B976D9695
:107C80006CAD7DAD8EAD9FAD6D970E9446906BAB98
:107C90007CAB8DAB9EAB69877A878B879C872FA93E
:107CA00038AD49AD5AADE1966CAD7DAD8EAD9FADB1
:107CB000E1970E94469027966CAF7DAF8EAF9FAF45
:107CC00027976D877E878F87988BAE014F5F5F4FB9
:107CD00058AF4FAB8E010F5E1F4F29965FAF4EAF6F
:107CE0002997C12CD12C76012996AEADBFAD29972D
:107CF0008D909D90AD90BD902996BFAFAEAF299766
:107D000020E030E0A901C501B4010E94DC8B88238A
:107D100071F0A5019401C501B4010E94428C9B0140
:107D2000AC01C701B6010E9447906B017C01299606
:107D3000EEADFFAD29970E171F07B1F6C701B601CB
:107D40000E94F5929B01AC0160E070E080E89FE347
:107D50000E9441916B017C01AC019B016BAD7CAD3C
:107D60008DAD9EAD0E94428C69837A838B839C8308
:107D7000A701960123966CAD7DAD8EAD9FAD239787
:107D80000E94428C6D837E838F839887A701960122
:107D90006BA97CA98DA99EA90E94428C69877A87CC
:107DA0008B879C87A701960127966CAD7DAD8EAD24
:107DB0009FAD27970E94428C6D877E878F87988B17
:107DC00008E71DE0FFA5FBAF28A92FAF39A93BAB02
:107DD0004AA924964FAF2497AFA9B8ADCD90DD90B6
:107DE000ED90FD90B8AFAFAB20E030E0A901C70146
:107DF000B6010E94DC8B882351F1F801608171810A
:107E0000828193810E94E18BA70196010E9441919A
:107E10006B017C0120E030E0A9010E94A79287FF5E
:107E200004C0F7FAF094F7F8F0942BAD3FAD4BA9EE
:107E300024965FAD2497C701B6010E94DC8B87FFB3
:107E400006C0CBAEDFAEEBAA2496FFAE24970C5F44
:107E50001F4F29962EAD3FAD29974FA958AD241736
:107E6000350709F0B9CFA301920160E070E080E826
:107E70009FE30E94469020E030E040E05FE30E94F4
:107E8000428C0E94F5926B017C0120911007309189
:107E9000110740911207509113076BAD7FAD8BA96D
:107EA00024969FAD24970E94428CA70196010E94C0
:107EB000428C4B015C01A701960160E070E080E814
:107EC0009FE30E9446909B01AC01C501B4010E9452
:107ED00041917B018C0182E6ABA1BCA18A9FF0019C
:107EE0008B9FF00D1124ED5AF84F85849684A7845A
:107EF000B08820E030E040E85FE3C501B4010E94B3
:107F0000DC8B87FF4EC0A3019201C301B2010E9426
:107F1000428C23EC38EB42E35FEB0E94428C23EF70
:107F200036E64FE55FE30E944690A30192010E946E
:107F3000428C2BED3FE049EC5FE30E9447902CEE32
:107F400031E548E35EE30E9446902B013C0124EEBC
:107F50003BEC46E150E40E94A792181614F5A301E9
:107F600092016BED7FE089E490E40E9446909B01D2
:107F7000AC01C501B4010E9441912BAD3FAD4BA9AD
:107F800024965FAD24970E94428C5B016C019B019B
:107F9000AC01B701C8010E94A792181614F475012C
:107FA000860182E62BA13CA1829FF001839FF00D08
:107FB0001124ED5AF84FA180B280C380D48095017E
:107FC000A6016FA17BA5C1010E94A79218161CF4FF
:107FD000AFA2BBA616019701A8016FA17BA5C101A5
:107FE0000E94A79218161CF4EFA2FBA618012F9668
:107FF0008CAD9DADAEADBFAD2F9780931407909320
:108000001507A0931607B093170763962CAD3DADE7
:108010004EAD5FAD639720931807309319074093D7
:108020001A0750931B076D968CAD9DADAEADBFADDD
:108030006D9780931C0790931D07A0931E07B09324
:108040001F07E1962CAD3DAD4EAD5FADE19720939E
:10805000200730932107409322075093230782E69D
:108060004BA15CA1849F8001859F100D11240D5AA6
:10807000184F8FA19BA5D101F80181879287A38713
:10808000B4876FA578A989A99AA990589B01AC01DA
:108090000E9447906596AEADBFAD65971D962D9138
:1080A0003D914D915C9150970E94428C9B01AC0197
:1080B0006BE077ED83E29BE30E9446902BE0C22EBB
:1080C00027EDD22E23E2E22E2BE3F22EF801C58219
:1080D000D682E782F086F08081809280A380B4808F
:1080E000A50194010E94A79287FDD4C483E0F82AD9
:1080F00082E62BA13CA1829FF001839FF00D112409
:10810000ED5AF84FF0828092040E9092050EA092E4
:10811000060EB092070EE5968CAD9DADAEADBFAD2F
:10812000E5978093180E9093190EA0931A0EB093B2
:108130001B0EE9962CAD3DAD4EAD5FADE99720939A
:108140001C0E30931D0E40931E0E50931F0EED9685
:108150008CAD9DADAEADBFADED978093200E9093ED
:10816000210EA093220EB093230EA1962CAD3DAD0F
:108170004EAD5FADA1972093240E3093250E409312
:10818000260E5093270EA5968CAD9DADAEADBFAD1E
:10819000A5978093080E9093090EA0930A0EB093B2
:1081A0000B0EA9962CAD3DAD4EAD5FADA9972093BA
:1081B0000C0E30930D0E40930E0E50930F0EAD9695
:1081C0008CAD9DADAEADBFADAD978093100E9093CD
:1081D000110EA093120EB093130E69962CAD3DAD07
:1081E0004EAD5FAD69972093140E3093150E4093FA
:1081F000160E5093170E9091020E8091030E981355
:1082000003C084E68093FF0DEE968FADEE978F5FEF
:108210008F708093020E8091020E9091010E81501A
:108220008F70891709F4E6C41091020E2090010E98
:108230008091020E281609F448C411501F70D12CE9
:10824000C12C121509F441C4812E912C32E6389DBF
:10825000F001399DF00D1124ED5AF84F808183FD16
:1082600031C4FCA3EBA3B1840285A384348445808C
:10827000568067807084A30192016B2D702F8A2D28
:10828000932D0E94DC8B811108C0C114D10409F424
:108290006EC0D6018C9180FF6AC0B2E6B89DF00135
:1082A000B99DF00D1124ED5AF84F808181FD3DC03C
:1082B000C114D10409F4F3C3F601C580D680E78068
:1082C000F08422E6289DF001299DF00D1124ED5A3D
:1082D000F84F618972898389948990589B01AC0118
:1082E0000E944790ABA1BCA11D962D913D914D914F
:1082F0005C9150970E94428C9B01AC01C701B60172
:108300000E944690D62EC72E8FA39BA7262F372FCD
:10831000AC016B2D702F8A2D932D0E94DC8B87FD75
:1083200004C0BD2C0C2DAFA03BA42B2D302F4A2D0B
:10833000532DC301B2010E94DC8B8823C1F0B2E649
:10834000B89DC001B99D900D1124FC01ED5AF84F64
:108350006F018081816080838BA19CA10E940312A8
:10836000882309F4A5C3D6018C918E7F8C9311507C
:108370001F70822D2090010E281609F48DC3181746
:1083800009F4A3C38F5F8F70F5CFC701B6010C94BA
:108390001C396196EEADFFAD6197C080D180E2805F
:1083A000F38020E030E0A901C701B6010E94DC8B18
:1083B000882379F082E62BA13CA1829FF001839F64
:1083C000F00D1124ED5AF84FC586D686E786F08A5F
:1083D00042C827962CAD3DAD4EAD5FAD2797CA0183
:1083E000B9010E94428C6B017C012F962CAD3DADF2
:1083F0004EAD5FAD2F97CA01B9010E94428C9B011F
:10840000AC01C701B6010E9447906B017C01A50138
:108410009401C501B4010E94428C9B01AC01C701CB
:10842000B6010E9447900E94F59222E64BA15CA102
:10843000249FF001259FF00D1124ED5AF84F658718
:1084400076878787908B07C82B962CAD3DAD4EADB8
:108450005FAD2B97232B242B252B09F42FC12091C3
:10846000AC0D3091AD0D4091AE0D5091AF0D6BA99B
:108470007CA98DA99EA90E94428C0E9425910E94F0
:10848000BA912B013C012B968CAD9DADAEADBFAD2D
:108490002B97892B8A2B8B2B09F120914F07309139
:1084A000500740915107509152072BA73CA74DA769
:1084B0005EA720E030E0A9016BA57CA58DA59EA557
:1084C0000E94DC8B882351F08FA598A9A9A9BAA98D
:1084D000181619061A061B060CF4F9C082E6ABA1A1
:1084E000BCA18A9FF0018B9FF00D1124E756F84F35
:1084F00010828091340790913507A0913607B09192
:1085000037076596EEADFFAD6597818C928CA38C95
:10851000B48C258D368D478D50A12BA73CA74DA738
:108520005EA721A132A143A154A12FA738AB49AB2B
:108530005AAB2BAD3CAD4DAD5EAD82179307A40792
:10854000B50708F485C18FA198A5A9A5BAA5892B5F
:108550008A2B8B2B21F16091240770912507809144
:108560002607909127076415750586059705B8F4C9
:108570000E94BF8F6B017C012FA138A549A55AA588
:10858000C301B2010E94BF8FC616D706E806F906DE
:1085900030F4C701B6010E94CF8F29013A0181143E
:1085A0009104A104B10431F1609128077091290769
:1085B00080912A0790912B0764157505860597050C
:1085C000C8F42BAD3CAD4DAD5EAD0E94BF8F6B01CD
:1085D0007C01A5019401C301B2010E94BF8FC616A0
:1085E000D706E806F90630F4C701B6010E94CF8F1E
:1085F00029013A012BA53CA54DA55EA5232B242BD3
:10860000252B41F160912C0770912D0780912E0749
:1086100090912F076415750586059705D8F42BAD45
:108620003CAD4DAD5EAD0E94BF8F6B017C012BA5B3
:108630003CA54DA55EA5C301B2010E94BF8FC61621
:10864000D706E806F90630F4C701B6010E94CF8FBD
:1086500029013A018FA598A9A9A9BAA9892B8A2B22
:108660008B2B09F498C96091300770913107809184
:10867000320790913307641575058605970508F054
:108680008AC92BAD3CAD4DAD5EAD0E94BF8F6B0175
:108690007C012FA538A949A95AA9C301B2010E949A
:1086A000BF8FC616D706E806F90608F074C9C701D9
:1086B000B6010E94CF8F29013A016DC92091B40DF6
:1086C0003091B50D4091B60D5091B70DD0CE82E6E8
:1086D000EBA1FCA18E9F80018F9F100D11240D5ADC
:1086E000184F1801F6E42F0E311C81E0D1018C9354
:1086F0002091080E3091090E40910A0E50910B0EF8
:10870000A5966CAD7DAD8EAD9FADA5970E944690B0
:108710006FA778AB89AB9AAB20910C0E30910D0E00
:1087200040910E0E50910F0EA9966CAD7DAD8EADA1
:108730009FADA9970E9446904B015C012091100EBD
:108740003091110E4091120E5091130EAD966CADFA
:108750007DAD8EAD9FADAD970E9446906B017C01C3
:108760002FA538A949A95AA9CA01B9010E94428C6A
:108770006FA778AB89AB9AABA5019401C501B40191
:108780000E94428C9B01AC016FA578A989A99AA986
:108790000E9447904B015C01A7019601C701B601F9
:1087A0000E94428C9B01AC01C501B4010E9447901C
:1087B0000E94F5926B017C012091140E3091150EF0
:1087C0004091160E5091170E69966CAD7DAD8EAD31
:1087D0009FAD69970E944690A70196010E94419122
:1087E0006B017C01F801E35BFF4FC082D182E28222
:1087F000F38220E030E040E450E40E94A792181693
:1088000014F4F10175CEA70196016BA57CA58DA589
:108810009EA50E94428C9B01AC016091380770912B
:10882000390780913A0790913B070E9441912BA90B
:108830003CA94DA95EA90E94428C0E94BA91641580
:1088400075058605970508F054CE2B013C0151CEE5
:108850002FA138A549A55AA5232B242B252B09F494
:1088600041C060912407709125078091260790915F
:1088700027076415750586059705A0F50E94E18B0D
:1088800023962CAD3DAD4EAD5FAD23970E94428C3B
:108890006B017C016FA178A589A59AA50E94E18B47
:1088A0006FA378A789A79AA7C301B2010E94E18BA1
:1088B0002FA138A549A55AA50E94428C9B01AC0165
:1088C000C701B6010E94DC8B87FF0CC02FA138A521
:1088D00049A55AA5C701B6010E9441910E94BA91CB
:1088E0002B013C0181149104A104B104C9F16091F0
:1088F00028077091290780912A0790912B0764150A
:1089000075058605970560F50E94E18B23962CADD1
:108910003DAD4EAD5FAD23970E94428C6B017C0153
:10892000C501B4010E94E18B4B015C01C301B2019E
:108930000E94E18BA50194010E94428C9B01AC0135
:10894000C701B6010E94DC8B87FF0AC0A501940114
:10895000C701B6010E9441910E94BA912B013C01CE
:108960008BA59CA5ADA5BEA5892B8A2B8B2BD9F1F8
:1089700060912C0770912D0780912E0790912F0701
:10898000641575058605970570F50E94E18B2396A1
:108990002CAD3DAD4EAD5FAD23970E94428C6B0177
:1089A0007C016BA57CA58DA59EA50E94E18B4B014A
:1089B0005C01C301B2010E94E18BA50194010E94F8
:1089C000428C9B01AC01C701B6010E94DC8B87FF82
:1089D0000AC0A5019401C701B6010E9441910E94FD
:1089E000BA912B013C012FA538A949A95AA9232BDB
:1089F000242B252B11F40C94CB3C60913007709103
:108A0000310780913207909133076415750586050B
:108A1000970510F00C94CB3C0E94E18B23962CAD73
:108A20003DAD4EAD5FAD23970E94428C6B017C0142
:108A30006FA578A989A99AA90E94E18B4B015C01D5
:108A4000C301B2010E94E18BA50194010E94428CF6
:108A50009B01AC01C701B6010E94DC8B87FD02C0FF
:108A60000C94CB3CA5019401C701B6010E94419131
:108A70000E94BA912B013C010C94CB3C3BE0E32ECD
:108A800047EDF42E03E21BE38CCA1FA21BA6212C88
:108A9000312CADCA81E02BCBCBA0DCA0D2CB8BE0BC
:108AA000C82E87EDD82E83E2E82E8BE3F82E09CC72
:108AB0008B2D902FAA2DB32DF60185839683A78346
:108AC000B08755CCDCA2CBA252CC1091010ED12C98
:108AD000C12C02E68091020E811709F48BC0812E11
:108AE000912C089DC001099D900D11249C012D5AC7
:108AF000384F1901D9018C91560183FD6FC059017E
:108B0000C114D10409F46AC0C6010E940312811184
:108B100065C0F601808181FD4CC0D10115964D9054
:108B20005D906D907C901897D60115962D913D9192
:108B30004D915C9118972BA33CA34DA35EA3A30179
:108B400092016BA17CA18DA19EA10E94DC8B87FF6D
:108B500030C0F601618972898389948990589B019C
:108B6000AC010E944790D6011D962D913D914D91EB
:108B70005C9150970E94428C9B01AC016BA17CA13F
:108B80008DA19EA10E9446906B017C01A3019201E0
:108B90000E94DC8B87FF0DC0F101808181608083A2
:108BA000C5010E9403128823E9F0D1018C918E7FC8
:108BB0008C93089DF001099DF00D1124ED5AF84F9A
:108BC00021853285438554856581768187819085AD
:108BD0000E94DC8B811102C01093010E1F5F1F7079
:108BE000650178CFF101C582D682E782F0861093C5
:108BF000010EDFCFD090030E8090020E22E6D81433
:108C000009F4C0C08FEF880D8F70289FF0011124E8
:108C1000ED5AF84F908193FDB3C0312C212C1BA24B
:108C20001FA210E000E0F12CE12CD81409F4B9C027
:108C3000F2E6DF9E800111240D5A184FD8018C9165
:108C400083FDA2C015966D917D918D919C91189791
:108C50000E94F592B62EC72EA82E992EE114F1048B
:108C600009F48CC0F701808180FD04C0D8018C918B
:108C700080FF84C0F701808181608083C7010E94EA
:108C80000312811177C0D70111966D917D918D915D
:108C90009C9114970E94F5926BA77CA78DA79EA725
:108CA0009B01AC0160E070E080E89FE30E9441918D
:108CB0002B013C01AC019B016B2D7C2D8A2D992D44
:108CC0000E94428C69837A838B839C83232D322D6F
:108CD0004BA15FA1C301B2010E94428C698B7A8BC8
:108CE0008B8B9C8BAE014F5F5F4FBE016F5E7F4FE2
:108CF000C7010E94AA27F701EA5BFF4F8081882302
:108D0000C9F120914F073091500740915107509180
:108D10005207379660817181828193810E94428CD3
:108D20002091980D3091990D40919A0D50919B0D85
:108D30000E94428C2B013C01AC019B016BA57CA5E0
:108D40008DA59EA50E94428C0E94BA91F701E75B17
:108D5000FF4F71836083A30192016B2D7C2D8A2DBF
:108D6000992D0E94428C0E94BA91F701E55BFF4F5A
:108D700071836083F70180818E7F8083780108C0D2
:108D8000882E3DCF8D2C49CFB32CC22CABA09FA0F9
:108D9000D394FD2DFF70DF2E3B2C2C2CABA29FA279
:108DA00044CF0115110509F47CC0D8018C91816074
:108DB0008C93C7010E94031281116FC0F801618179
:108DC0007281838194810E94F5926B017C01AC01D8
:108DD0009B0160E070E080E89FE30E9441914B01BD
:108DE0005C012DEC3CEC4CE45DE30E94428C698319
:108DF0007A838B839C83A5019401632D722D8BA1B3
:108E00009FA10E94428C698B7A8B8B8B9C8BAE01CD
:108E10004F5F5F4FBE016F5E7F4FC8010E94AA2760
:108E2000F801EA5BFF4F80818823B9F120914F0759
:108E30003091500740915107509152073796608109
:108E40007181828193810E94428C2091980D309192
:108E5000990D40919A0D50919B0D0E94428C4B01AF
:108E60005C01AC019B01C701B6010E94428C0E94CB
:108E7000BA91F801E75BFF4F718360832DEC3CEC06
:108E80004CE45DE3C501B4010E94428C0E94BA919A
:108E9000F801E55BFF4F71836083D8018C918E7F71
:108EA0008C930E94501481E0C358DF4F0FB6F894A2
:108EB000DEBF0FBECDBFDF91CF911F910F91FF900D
:108EC000EF90DF90CF90BF90AF909F908F907F906A
:108ED0006F905F904F903F902F90089580E0E4CF87
:108EE000E090BC0DF090BD0D0091BE0D1091BF0D36
:108EF0000C94CE3ACF92DF92EF92FF920F931F9392
:108F0000CF93DF93CDB7DEB764970FB6F894DEBF8B
:108F10000FBECDBFC98ADA8AEB8AFC8AFC01808148
:108F20009181A281B38189839A83AB83BC83FB0146
:108F300080819181A281B3818D839E83AF83B88725
:108F4000FA0180819181A281B38189879A87AB8759
:108F5000BC87F90180819181A281B3818D879E8731
:108F6000AF87B88B8091730D9091740D892BF1F4BC
:108F7000CE0141967C019E01235F3F4FAE01475FCA
:108F80005F4FBE016B5F7F4F40970E94F93664963A
:108F90000FB6F894DEBF0FBECDBFDF91CF911F910A
:108FA0000F91FF90EF90DF90CF90089580E0EFCF8A
:108FB000CF92DF92EF92FF920F931F93C12CD12C8F
:108FC00076018C012FE532E04BE552E067E572E077
:108FD00083E592E00E947A471F910F91FF90EF90F6
:108FE000DF90CF900895CF93DF938091020E909100
:108FF000030E891B80958F7019F40E941D33F5CFE5
:109000008091020E8F5F8F70A091020E92E6A99F51
:10901000D0011124FD01ED5AF84FEF0119929A95F4
:10902000E9F798E09083A859B84F90E1E8E1FEE0B5
:1090300001900D929A95E1F72091020E9091030E06
:10904000291303C094E69093FF0D8093020EDF91E5
:10905000CF910C9450149091020E8091030E9813AE
:1090600006C08091730D9091740D892B19F00E94A8
:109070001D33F1CF0895CF92DF92EF92FF92FC0162
:10908000C080D180E280F3802091980D3091990DBD
:1090900040919A0D50919B0DC701B6010E94428CE0
:1090A0000E94B4926093240E7093250E8093260E36
:1090B0009093270EC092140ED092150EE092160EC9
:1090C000F092170E9091020E8091030E981731F0D6
:1090D000FF90EF90DF90CF900C94F3470E942B48C5
:1090E0000E9443144091240E5091250E6091260E4B
:1090F0007091270E4093EF0D5093F00D6093F10D9A
:109100007093F20D882331F0FF90EF90DF90CF90B5
:109110000C945014FF90EF90DF90CF9008954F92F1
:109120005F926F927F928F929F92AF92BF92CF92F7
:10913000DF92EF92FF92CF93DF9300D01F92CDB7D3
:10914000DEB77C01DB01F90160817181828193814D
:10915000FA0140805180628073808D909D90AD9027
:10916000BC90D701CD90DD90ED90FC90C092080EA0
:10917000D092090EE0920A0EF0920B0E80920C0E25
:1091800090920D0EA0920E0EB0920F0E4092100E05
:109190005092110E6092120E7092130E6093140E84
:1091A0007093150E8093160E9093170E2091980DC4
:1091B0003091990D40919A0D50919B0D0E94428CD7
:1091C0000E94B49269837A838B839C832091940D4F
:1091D0003091950D4091960D5091970DC301B201BC
:1091E0000E94428C0E94B4922B013C012091900D70
:1091F0003091910D4091920D5091930DC501B401A4
:109200000E94428C0E94B4924B015C0120918C0D13
:1092100030918D0D40918E0D50918F0DC701B6018B
:109220000E94428C0E94B4926093180E7093190EA3
:1092300080931A0E90931B0E80921C0E90921D0E1E
:10924000A0921E0EB0921F0E4092200E5092210E40
:109250006092220E7092230E89819A81AB81BC812B
:109260008093240E9093250EA093260EB093270E84
:109270009091020E8091030E9817A1F00F900F901D
:109280000F900F90DF91CF91FF90EF90DF90CF90F4
:10929000BF90AF909F908F907F906F905F904F9016
:1092A0000C94F3470E942B480E9443144091200ED7
:1092B0005091210E6091220E7091230EC0901C0ED1
:1092C000D0901D0EE0901E0EF0901F0E8090180E94
:1092D0009090190EA0901A0EB0901B0E8092E30D84
:1092E0009092E40DA092E50DB092E60DC092E70DCC
:1092F000D092E80DE092E90DF092EA0D4093EB0D6B
:109300005093EC0D6093ED0D7093EE0D4091240E93
:109310005091250E6091260E7091270E4093EF0D0F
:109320005093F00D6093F10D7093F20D8823A1F02E
:109330000F900F900F900F90DF91CF91FF90EF90D3
:10934000DF90CF90BF90AF909F908F907F906F9065
:109350005F904F900C9450140F900F900F900F90BF
:10936000DF91CF91FF90EF90DF90CF90BF90AF90C3
:109370009F908F907F906F905F904F900895CF93C4
:10938000DF93CDB7DEB760970FB6F894DEBF0FBEA0
:10939000CDBFE3E5F2E080819181A281B381898331
:1093A0009A83AB83BC8384819581A681B7818D83A9
:1093B0009E83AF83B88780859185A285B385898791
:1093C0009A87AB87BC8784859585A685B7858D8769
:1093D0009E87AF87B88B9E01235F3F4FAE01475FEB
:1093E0005F4FBE016B5F7F4FCE0101960E948F4899
:1093F00060960FB6F894DEBF0FBECDBFDF91CF9160
:109400000895EF92FF920F931F93CF93DF93CDB701
:10941000DEB760970FB6F894DEBF0FBECDBF8CE805
:10942000E82E8DE0F82E0EE317E0F701219131913F
:10943000419151917F0160E070E080E89FE30E94DC
:109440004191F80161937193819391938F01F7E0BA
:109450000E341F0751F78091530290915402A0914E
:109460005502B091560289839A83AB83BC83809165
:10947000570290915802A0915902B0915A028D83DF
:109480009E83AF83B88780915B0290915C02A0912C
:109490005D02B0915E0289879A87AB87BC87809115
:1094A0005F0290916002A0916102B09162028D878B
:1094B0009E87AF87B88B9E01235F3F4FAE01475F0A
:1094C0005F4FBE016B5F7F4FCE0101960E948F48B8
:1094D0000E94072760960FB6F894DEBF0FBECDBF7F
:1094E000DF91CF911F910F91FF90EF9008954F92D0
:1094F0005F926F927F928F929F92AF92BF92CF9224
:10950000DF92EF92FF920F931F93CF93DF9300D0E0
:1095100000D0CDB7DEB78090530290905402A09057
:109520005502B0905602C0905702D0905802E09079
:109530005902F0905A0280915B0290915C02A091D6
:109540005D02B0915E0289839A83AB83BC830E94E3
:1095500007270E94A71306E91EE0A9E2B2E0BE8336
:10956000AD838AE8682E8EE0782E512C852D0E94DE
:10957000CA14F80185919591A591B491ED81FE8170
:1095800081939193A193B193FE83ED83F301859130
:109590009591A591B491ED81FE8180879187A287F5
:1095A000B38753940C5F1F4FF4E06F0E711C83E080
:1095B0005812DCCF23EF34E045E35FE360911007FE
:1095C0007091110780911207909113070E94428CAD
:1095D0002B013C016091840D7091850D8091860D69
:1095E0009091870D0E94E18B9B01AC01C301B201F8
:1095F0000E94428C29E732E84AE550E40E94428CFE
:109600000E94F592609338077093390780933A0768
:1096100090933B070E94014AA50194016091530277
:109620007091540280915502909156020E94DC8BF9
:1096300081111EC0A70196016091570270915802D6
:109640008091590290915A020E94DC8B811110C0C6
:1096500020915B0230915C0240915D0250915E026C
:1096600069817A818B819C810E94DC8B8823C1F087
:1096700026960FB6F894DEBF0FBECDBFDF91CF9117
:109680001F910F91FF90EF90DF90CF90BF90AF9020
:109690009F908F907F906F905F904F900C945D2380
:1096A00026960FB6F894DEBF0FBECDBFDF91CF91E7
:1096B0001F910F91FF90EF90DF90CF90BF90AF90F0
:1096C0009F908F907F906F905F904F900895CF9371
:1096D000DF93CDB7DEB72C970FB6F894DEBF0FBE81
:1096E000CDBFA8E7BDE090E080E0FC01EE53F14F74
:1096F00045915591659174914D935D936D937D93D3
:10970000FC01EE54F14F459155916591749150963D
:109710004D935D936D937C935397FC01EE55F14F00
:10972000459155916591749190964D935D936D938C
:109730007C939397049680319105B9F680E29EE47C
:10974000A0E0B0E08093880D9093890DA0938A0DDE
:10975000B0938B0D80E090E0A8E4B4E48093AC0D6E
:109760009093AD0DA093AE0DB093AF0D80E090E45B
:10977000ACE1B6E48093B00D9093B10DA093B20D1F
:10978000B093B30D80E090E0AAEFB4E48093B40D01
:109790009093B50DA093B60DB093B70D1092B80D80
:1097A0001092B90D1092BA0D1092BB0D1092BC0D13
:1097B0001092BD0D1092BE0D1092BF0D84EF9DEF63
:1097C000A4E5BCE38093100790931107A0931207C0
:1097D000B09313071092A1061092A2061092A3064E
:1097E0001092A40610929D0610929E0610929F065B
:1097F0001092A0061092990610929A0610929B065B
:1098000010929C068CE0E3E6F2E0DE0111960190F6
:109810000D928A95E1F789819A81AB81BC81809311
:10982000E8069093E906A093EA06B093EB068D81D3
:109830009E81AF81B8858093EC069093ED06A0934E
:10984000EE06B093EF0689859A85AB85BC8580933B
:10985000F0069093F106A093F206B093F3068AE91E
:1098600099E9ADE2B1E48093D70D9093D80DA09320
:10987000D90DB093DA0D82E898EAABEFBDE380939F
:10988000DB0D9093DC0DA093DD0DB093DE0D80E039
:1098900095ECAEE6B3E48093DF0D9093E00DA093DA
:1098A000E10DB093E20D83EC95EFA6EAB2E480936C
:1098B000C0069093C106A093C206B093C3068AEF78
:1098C0009AEEAAEABFE38093C4069093C506A093DC
:1098D000C606B093C70680E39EE0A3EAB4E4809393
:1098E000C8069093C906A093CA06B093CB061092FF
:1098F000A90680E090E0A0EEBFE38093A5069093D8
:10990000A606A093A706B093A8061092F40610929C
:10991000F5060E94E62110924F0710925007109210
:109920005107109252070E94774A0E940E1B83E152
:1099300096E02C960FB6F894DEBF0FBECDBFDF9138
:10994000CF910C947F1A6F927F928F929F92AF92D9
:10995000BF92CF92DF92EF92FF920F931F93CF931C
:10996000DF93CDB7DEB768970FB6F894DEBF0FBEB2
:10997000CDBF4A015B0138017901082F10E0F801E1
:10998000E150F44EE491CC24C3941E160CF4C12C87
:10999000DD24D39420E030E0A901C501B4010E9488
:1099A000A79218160CF0D12C20E030E0A901B301E9
:1099B000C7010E94DC8B000F111F000F111F8111C6
:1099C00009C0F801E951F44E85919591A591B491A2
:1099D0003C017D01C301D7018D8B9E8BAF8BB88F6E
:1099E00080E00E94761469837A838B839C8381E074
:1099F0000E9476146D837E838F83988782E00E9415
:109A0000761469877A878B879C8783E00E94761417
:109A10006D877E878F87988B81E090E08C0F9D1FEC
:109A2000080F191FF80110821182128213829E0101
:109A3000235F3F4FAE01475F5F4FBE016B5F7F4FBC
:109A4000CE0101960E948F48F80180829182A28205
:109A5000B382198A1A8A1B8A1C8A8091730D90918D
:109A6000740D892B91F4CE0141967C018E010B5E21
:109A70001F4F9E01235F3F4FAE01475F5F4FBE0107
:109A80006B5F7F4F40970E94F9360E942B48CD10A4
:109A90000E94041B68960FB6F894DEBF0FBECDBFC0
:109AA000DF91CF911F910F91FF90EF90DF90CF90BA
:109AB000BF90AF909F908F907F906F9008954F923E
:109AC0005F926F927F928F929F92AF92BF92CF924E
:109AD000DF92EF92FF920F931F93CF93DF93CDB757
:109AE000DEB72C970FB6F894DEBF0FBECDBF2B01AB
:109AF0003C0129873A874B875C8747015801F6016B
:109B0000E080F1800281138120E030E0A901B701FB
:109B1000C8010E94DC8B81118CC0EFEEFBE18591C6
:109B20009591A591B491582F492F3A2F2B2F852F1E
:109B3000942FA32FB22F89839A83AB83BC8320E019
:109B400030E0A901B701C8010E94DC8B811106C079
:109B500085E5E82E95E5F92E05E013E4C701D80167
:109B60008D839E83AF83B887A501940160915B02CA
:109B700070915C0280915D0290915E020E94DC8B8C
:109B800087FF0CC080925B0290925C02A0925D0203
:109B9000B0925E02CE0101960E94D84740925302D5
:109BA00050925402609255027092560289859A85AD
:109BB000AB85BC858093570290935802A0935902BD
:109BC000B0935A02CE0105960E94D847A501940190
:109BD00060915B0270915C0280915D0290915E02E7
:109BE0000E94A792181664F480925B0290925C0225
:109BF000A0925D02B0925E02CE0101960E94D8470B
:109C00000E942B482C960FB6F894DEBF0FBECDBF36
:109C1000DF91CF911F910F91FF90EF90DF90CF9048
:109C2000BF90AF909F908F907F906F905F904F907C
:109C300008955E2D4F2D302F212F79CFCF92DF92B7
:109C4000EF92FF920F931F936B01FC01E080F18074
:109C500002811381E3E5F2E0248135814681578159
:109C600060817181828193810E945F4D1F910F916C
:109C7000FF90EF90DF90CF900895BF92CF92DF9248
:109C8000EF92FF920F931F93CF93DF9300D000D0FA
:109C90001F921F92CDB7DEB7B82E882309F454C0A7
:109CA00080E090E0A0E2B1E48D839E83AF83B8872B
:109CB000C090F006D090F106E090F206F090F30626
:109CC00020E030E0A901C701B6010E94DC8B87FFCC
:109CD0000CC0A701960160E070E080E291E40E9470
:109CE00046906D837E838F83988720E030E048EC38
:109CF00053E46D817E818F8198850E94A79218160A
:109D000044F480E090E0A8ECB3E48D839E83AF83BD
:109D1000B8872D813E814F81588560915B0270919B
:109D20005C0280915D0290915E020E94DC8B87FF55
:109D30000BC019821A821B821C82BE016F5F7F4F8B
:109D4000CE0105960E941E4E6091530270915402FE
:109D500080915502909156022091570230915802FD
:109D60004091590250915A0219821A821B821C8218
:109D7000E0905B02F0905C0200915D0210915E0247
:109D8000FE0131966F010E945F4DB092E7060E947E
:109D9000E62128960FB6F894DEBF0FBECDBFDF9147
:109DA000CF911F910F91FF90EF90DF90CF90BF90D8
:109DB00008958091E706882319F080E00E943D4EC7
:109DC00080E008954F925F926F927F928F929F9260
:109DD000AF92BF92CF92DF92EF92FF920F931F93B9
:109DE000CF93C82FE82EF12CF701E150F44EB49038
:109DF000823039F48091E706811103C081E00E942E
:109E00003D4E6701CC0CDD1CCC0CDD1CF601ED5089
:109E1000F44E45905590659074906B2DBB0C770B6C
:109E2000880B990B0E94E38B4B015C0120E030E032
:109E300040EC5FE3C301B2010E94428CA501940192
:109E40000E94428CAB01BC0100E010E098018C2F15
:109E50000E94A34CC23009F4CBC0F601EB52F14F83
:109E600085919591A591B491E82F792F6A2F8B2F29
:109E70002E2F372F462F582FC501B4010E94428C38
:109E80004B015C0120E030E0A9010E94DC8B8823BB
:109E900009F445C000E010E020E231E4C23019F0DE
:109EA00000E010E09801B501A40170588C2F0E94C9
:109EB000A34C412C512C80EA682E80E4782EC230CD
:109EC00009F1F701EE52F14F6491611107C00E9450
:109ED0000E1B82E498E00E947F1A6AE0F601E951C5
:109EE000F44E459055906590749070E090E080E05D
:109EF0000E94E18B9B01AC01C301B2010E94419120
:109F00002B013C01A5019401C501B4010E944790B9
:109F1000AB01BC01930182018C2F0E94A34C81E014
:109F200090E00C2E01C0880F0A94EAF79091F60693
:109F3000982B9093F6069091F706892B8093F7065D
:109F4000F601EA56F14F85919591A591B491F601EC
:109F5000ED5AFD4F80839183A283B383C230D1F445
:109F60002091F0063091F1064091F2065091F306EF
:109F700060915B0270915C0280915D0290915E0243
:109F80000E94469060935B0270935C0280935D0236
:109F900090935E02F601E652F94F1082118212820E
:109FA00013828C2F0E94CA140E94BF49D601A6506A
:109FB000B94FF601ED5AFD4F4081518162817381A5
:109FC0004D935D936D937C931397C230B1F4CF9111
:109FD0001F910F91FF90EF90DF90CF90BF90AF90C7
:109FE0009F908F907F906F905F904F900C94D94E80
:109FF000E0E070E060EA80E43BCFCF911F910F91E9
:10A00000FF90EF90DF90CF90BF90AF909F908F9098
:10A010007F906F905F904F9008950E9443149091AD
:10A02000030E9093020E9093010E9093000E94E60F
:10A030009093FF0D28EE33E03093740D2093730D51
:10A0400081110E94501481E08093A4040E942B4847
:10A050008EEF0E94C3150C94BF499091020E80911F
:10A06000030E981308C08091730D9091740D892B85
:10A0700011F40C945E1A0E941D33EFCF2F923F9281
:10A080004F925F926F927F928F929F92AF92BF9208
:10A09000CF92DF92EF92FF920F931F93CF93DF93B4
:10A0A000CDB7DEB7C854D1090FB6F894DEBF0FBEE6
:10A0B000CDBF182F0E94683282E50E94FB188823CA
:10A0C00009F43BC10E94262C2B013C0120E030E02A
:10A0D000A9010E94DC8B882309F401C180905302FE
:10A0E00090905402A0905502B090560220915702D1
:10A0F000309158024091590250915A022D8B3E8B5B
:10A100004F8B588FC090FA06D090FB06E090FC066B
:10A11000F090FD068091FE069091FF06A091000749
:10A12000B0910107898F9A8FAB8FBC8FA7019601E1
:10A13000C501B4010E94DC8B81110DC0298D3A8DBF
:10A140004B8D5C8D6D897E898F89988D0E94DC8B0B
:10A15000882309F4C4C0A5019401C701B6010E9477
:10A16000469020E030E040E05FE30E94428C6B01CB
:10A170007C012D893E894F89588D698D7A8D8B8D13
:10A180009C8D0E94469020E030E040E05FE30E941A
:10A19000428C6D8B7E8B8F8B988F20E030E0A901F5
:10A1A000C301B2010E94DC8B881F8827881F81139E
:10A1B000B6C020E030E040E85FE3298F3A8F4B8F54
:10A1C0005C8FA7019601C701B6010E94428C4B012A
:10A1D0005C012D893E894F89588DCA01B9010E94C1
:10A1E000428C9B01AC01C501B4010E9447900E94C2
:10A1F000F5924B015C01AC019B01C301B2010E94CD
:10A2000046906D8F7E8F8F8F98A3A5019401C30117
:10A21000B2010E9447909B01AC016D8D7E8D8F8DA8
:10A2200098A10E94428C2B013C0120E030E0A90162
:10A230000E94A79287FD7CC0C301B2010E94F592E3
:10A240006D8F7E8F8F8F98A36D897E898F89988D72
:10A250009058A50194010E944191298D3A8D4B8D12
:10A260005C8D0E94428C2D8D3E8D4F8D58A10E9499
:10A27000428CA70196010E9447902B013C01A50149
:10A280009401C701B6010E944191298D3A8D4B8DF1
:10A290005C8D0E94428C2D8D3E8D4F8D58A10E9469
:10A2A000428C2D893E894F89588D0E9447906D8B35
:10A2B0007E8B8F8B988F20E030E0A901C301B20123
:10A2C0000E94DC8B8111F1C020E030E0A9016D8992
:10A2D0007E898F89988D0E94DC8B8111E6C00E9457
:10A2E000D71A82ED93E00E947F1AC85BDF4F0FB64A
:10A2F000F894DEBF0FBECDBFDF91CF911F910F91BC
:10A30000FF90EF90DF90CF90BF90AF909F908F9095
:10A310007F906F905F904F903F902F90089580E0D6
:10A3200090E0A0E8BFEB898F9A8FAB8FBC8F49CFAD
:10A330001D8E1E8E1F8E18A287CF89E40E94FB18E7
:10A34000412C512C3201882321F00E94262C2B0114
:10A350003C018AE40E94FB18882309F498C00E94FB
:10A36000262CA5CF20E030E0A901C501B4010E9450
:10A37000A79287FF09C2B7FAB094B7F8B09404C2A5
:10A38000B10190E080E00E94E18B29A13AA14BA1AC
:10A390005CA10E94428C4B015C010E943C916B01CC
:10A3A0007C01C501B4010E94E7924B015C01A70149
:10A3B0009601698D7A8D8B8D9C8D0E94428C2B012C
:10A3C0003C01A50194016D897E898F89988D0E9439
:10A3D000428C9B01AC01C301B2010E9447902B014A
:10A3E0003C01A5019401698D7A8D8B8D9C8D0E9415
:10A3F000428C4B015C01A70196016D897E898F8992
:10A40000988D0E94428C9B01AC01C501B4010E9451
:10A4100046906D8F7E8F8F8F98A349E14DA3DBC24D
:10A4200080E1EAEFF6E0DE01119601900D928A9547
:10A43000E1F7CE0101960E94EA14C12CD12C80E8EC
:10A44000E82E8FE3F82E8E010F5E1F4F9E01235FD3
:10A450003F4FAE01475F5F4FBE016B5F7F4FCE0145
:10A4600001960E947A4780E1FE013196A3E5B2E0B1
:10A4700001900D928A95E1F70E946A106093CD06D3
:10A480007093CE068093CF069093D0062ECF20E017
:10A4900030E0A901C301B2010E94DC8B882309F4DA
:10A4A0001ECF1D8A1E8A1F8A188EA3019201505842
:10A4B000298F3A8F4B8F5C8F8D899E89AF89B88D9C
:10A4C000B0588D8F9E8FAF8FB8A3A3019201C301A7
:10A4D000B2010E94428C6B017C012D893E894F891B
:10A4E000588DCA01B9010E94428C9B01AC01C70181
:10A4F000B6010E9447900E94F5926DAB7EAB8FAB88
:10A5000098AF2091530230915402409155025091DE
:10A51000560229A33AA34BA35CA3C301B2010E9434
:10A52000479069AF7AAF8BAF9CAF80915702909103
:10A530005802A0915902B0915A0289A79AA7ABA7D5
:10A54000BCA79C01AD016D897E898F89988D0E9481
:10A55000479021966CAF7DAF8EAF9FAF2197209132
:10A56000FA063091FB064091FC065091FD062DA79E
:10A570003EA74FA758AB29AD3AAD4BAD5CAD6DA52D
:10A580007EA58FA598A90E9446906B017C018091C1
:10A59000FE069091FF06A0910007B091010789ABDC
:10A5A0009AABABABBCAB21962CAD3DAD4EAD5FAD28
:10A5B0002197BC01CD010E9446904B015C01209186
:10A5C0005B0230915C0240915D0250915E022596E3
:10A5D0002CAF3DAF4EAF5FAF2597609102077091F2
:10A5E000030780910407909105070E9446906DA390
:10A5F0007EA38FA398A7A7019601698D7A8D8B8D75
:10A600009C8D0E94428C2B013C01A50194016D8D13
:10A610007E8D8F8D98A10E94428C9B01AC01C3015D
:10A62000B2010E9447902B013C01A5019401698D64
:10A630007A8D8B8D9C8D0E94428C4B015C01A70111
:10A6400096016D8D7E8D8F8D98A10E94428C9B010D
:10A65000AC01C501B4010E944690A30192010E9481
:10A66000C6906B017C0120E030E0A9010E94DC8BE8
:10A6700087FF0AC02BED3FE049EC50E4C701B6016B
:10A680000E9447906B017C012BED3FE049EC50E4C8
:10A69000C701B6010E94419120E030E040EC51E456
:10A6A0000E94428C0E9425910E94BA911B01672B47
:10A6B00019F422242394312C112351F02BED3FE087
:10A6C00049EC50E4C701B6010E9446906B017C0141
:10A6D00020E030E0A901C701B6010E94DC8B8111A6
:10A6E00023C02DA53EA54FA558A969A17AA18BA18C
:10A6F0009CA10E94DC8B811117C029A93AA94BA902
:10A700005CA969A57AA58BA59CA50E94DC8B81110B
:10A710000BC038E1232E312C4BEDC42E4FE0D42E4C
:10A7200049ECE42E40E4F42EA70196016DA97EA920
:10A730008FA998AD0E94428C4B015C0120E030E073
:10A74000A9016DA17EA18FA198A50E94DC8B882311
:10A7500009F408CEA5019401C501B4010E94428C00
:10A760004B015C012DA13EA14FA158A5CA01B90121
:10A770000E94428C9B01AC01C501B4010E9447902C
:10A780000E94F5924B015C012FE632E143E85AE367
:10A79000C501B4010E94DC8B87FD6ECE8091060757
:10A7A00090910707A0910807B09109078DA79EA770
:10A7B000AFA7B8AB40905F0250906002609061021A
:10A7C000709062022AE037ED43E25CE36091490257
:10A7D00070914A0280914B0290914C020E94428CEF
:10A7E00069A37AA38BA39CA360914702709148024E
:10A7F000072E000C880B990B0E94E38B9B01AC0188
:10A8000069A17AA18BA19CA10E94428C698B7A8B51
:10A810008B8B9C8BC501B4010E94E9910E94BA9177
:10A820007AA769A76215730510F43AA629A629A587
:10A830003AA5B90190E080E00E94E18B4B015C01F8
:10A84000AC019B01C701B6010E94419169A37AA3A3
:10A850008BA39CA3A50194016DA17EA18FA198A5B6
:10A860000E9441916DAB7EAB8FAB98AFA30192017B
:10A870006DA57EA58FA598A90E944690A50194017B
:10A880000E94419129966CAF7DAF8EAF9FAF299703
:10A8900029A13AA14BA15CA1CA01B9010E94428C35
:10A8A00020E030E040E05FE30E94428C9B01AC017D
:10A8B00060E070E080E89FE30E9446906DA77EA76D
:10A8C0008FA798AB25968CAD9DADAEADBFAD25974E
:10A8D00089879A87AB87BC874D865E866F86788A24
:10A8E0000E946A109B01AC0128533F4F4F4F5F4FAE
:10A8F00029AB3AAB4BAB5CAB498C5A8C6B8C7C8CE8
:10A9000022242394312C39E13DA349A55AA52416CC
:10A91000350608F085CD0E94891D0E946A1029A97C
:10A920003AA94BA95CA9621B730B840B950B97FD8D
:10A930000EC00E946A109B01AC0128533F4F4F4F3D
:10A940005F4F29AB3AAB4BAB5CAB0E941D333DA1D3
:10A9500031503DA3332309F413CD9201A30169A122
:10A960007AA18BA19CA10E94428C6B017C012D8D50
:10A970003E8D4F8D58A16DA57EA58FA598A90E94EB
:10A98000428C9B01AC01C701B6010E9447906B014C
:10A990007C019201A3016DA57EA58FA598A90E94B7
:10A9A000428C4B015C012D8D3E8D4F8D58A169A1CC
:10A9B0007AA18BA19CA10E94428C9B01AC01C50194
:10A9C000B4010E9446902B013C01C601D7018D8F36
:10A9D0009E8FAF8FB8A39201A30169AD7AAD8BAD05
:10A9E0009CAD0E94479069837A838B839C832D8DD5
:10A9F0003E8D4F8D58A121966CAD7DAD8EAD9FAD36
:10AA000021970E9447906D837E838F8398872DA91D
:10AA10003EA94FA958AD69857A858B859C850E9492
:10AA2000479069877A878B879C8729962CAD3DADA7
:10AA30004EAD5FAD29976D857E858F8598890E9483
:10AA400047906D877E878F87988BCE0101960E94F5
:10AA5000EA14C12CD12C90E8E92E9FE3F92E8E0147
:10AA60000F5E1F4F9E01235F3F4FAE01475F5F4F59
:10AA7000BE016B5F7F4FCE0101960E947A4788230B
:10AA800009F4CECC5FEF251A350A3FCF8F929F9203
:10AA9000AF92BF92CF92DF92EF92FF920F93CF933C
:10AAA000DF931F92CDB7DEB75C017B0149016B01DB
:10AAB000C40ED51EF501808191810E94A98F8983E2
:10AAC000002311F0F7018083BE016F5F7F4FC40147
:10AAD0000E94360EF50180819181019691838083D9
:10AAE000FFEFEF1AFF0AEC14FD0421F780E00F904E
:10AAF000DF91CF910F91FF90EF90DF90CF90BF90BB
:10AB0000AF909F908F9008953F924F925F926F9277
:10AB10007F928F929F92AF92BF92CF92DF92EF92ED
:10AB2000FF920F931F93CF93DF93CDB7DEB7C85833
:10AB3000D1090FB6F894DEBF0FBECDBF4DB65EB6DD
:10AB4000C158DF4F19821882CF57D04084E690E079
:10AB5000CF57DF4F99838883C158D04001E09E01D1
:10AB600021583F4F44E050E0BE0167587F4FCE016F
:10AB70008F579F4F0E9446559E0121583F4F42E0FC
:10AB800050E0BE016D577F4FCE018F579F4F0E94FF
:10AB9000465543E050E0BE0167587F4F8CEF92E08E
:10ABA0000E947493892B09F444C0ED968FADED9704
:10ABB000882339F08FE3EA968FAFEA97EB961FAEC2
:10ABC000EB970E940E1BBE0167587F4F82EF95E006
:10ABD0000E94C41A84EE95E00E947F1A81E080935F
:10ABE0003B0480919006811102C00E943E24909106
:10ABF0003B0481E089270FB6F8945EBE0FBE4DBEC0
:10AC0000C857DF4F0FB6F894DEBF0FBECDBFDF9140
:10AC1000CF911F910F91FF90EF90DF90CF90BF9059
:10AC2000AF909F908F907F906F905F904F903F90EC
:10AC3000089530909006E9961CAE1DAE1EAE1FAE74
:10AC4000E997C158DF4F19821882CF57D04001E0F1
:10AC50009E0121583F4F41E050E0BE016A577F4FAF
:10AC6000CE018F579F4F0E9446556DB67EB6CA578C
:10AC7000DF4FE880C658D040F12C23E0E20EF11CF3
:10AC8000EE0CFF1CEE0CFF1C8DB79EB78E199F09B2
:10AC90000FB6F8949EBF0FBE8DBFEDB7FEB73196CD
:10ACA000C957DF4FF983E883C758D0408E199F09F1
:10ACB0000FB6F8949EBF0FBE8DBFEDB7FEB73196AD
:10ACC0005F018E199F090FB6F8949EBF0FBE8DBF0E
:10ACD000EDB7FEB731964F0111E01325012F9E010C
:10ACE00021583F4FA701C957DF4F68817981C75865
:10ACF000D040CE018F579F4F0E9446559E0121584C
:10AD00003F4F44E050E068E87DE0CE018F579F4F11
:10AD10000E9446559E0121583F4FA701B501CE0123
:10AD20008F579F4F0E9446559E0121583F4FA701C4
:10AD3000B401CE018F579F4F0E944655311053C02A
:10AD4000CA57DF4F2881C658D04030E02E5F3F4FB2
:10AD5000A8E7BDE090E080E050E040E02417350730
:10AD60000CF492C0C957DF4FE881F981C758D04031
:10AD7000E80FF91FC080D180E280F380CD92DD9290
:10AD8000ED92FD92241735070CF486C0F501E80F0B
:10AD9000F91F708161810281E381C72ED62EE02EDA
:10ADA000FE2E5096CD92DD92ED92FC925397241791
:10ADB00035070CF47DC0F401E80FF91F7081618143
:10ADC0000281E381C72ED62EE02EFE2E9096CD92E4
:10ADD000DD92ED92FC9293974F5F5F4F0496443063
:10ADE000510509F0BBCF012F9E0121583F4F44E090
:10ADF00050E06CEA7DE0CE018F579F4F0E94465590
:10AE00009E0121583F4F44E050E060EB7DE0CE01D1
:10AE10008F579F4F0E9446559E0121583F4F44E057
:10AE200050E064EB7DE0CE018F579F4F0E94465566
:10AE30009E0121583F4F44E050E068EB7DE0CE0199
:10AE40008F579F4F0E9446559E0121583F4F44E027
:10AE500050E06CEB7DE0CE018F579F4F0E9446552E
:10AE600095E0F92EFA94012F9E0121583F4F44E0BE
:10AE700050E0FF2049F1BE016B587F4FCE018F5744
:10AE80009F4F0E944655EECFFC01EE53F14FC59007
:10AE9000D590E590F49072CFFC01EE54F14FC5903F
:10AEA000D590E590F4907C2D6D2D0E2DEF2D75CF66
:10AEB000FC01EE55F14FC590D590E590F4907C2DB6
:10AEC0006D2D0E2DEF2D7ECF60E177E0CE018F57F7
:10AED0009F4F0E9446550FB6F8947EBE0FBE6DBEC2
:10AEE0009E0121583F4F4CE050E069E976E0CE01E9
:10AEF0008F579F4F0E9446559E0121583F4F41E07A
:10AF000050E0BE0163597F4FCE018F579F4F0E9483
:10AF100046559E0121583F4F44E050E0BE016F5F0F
:10AF20007F4FCE018F579F4F0E9446559E0121585B
:10AF30003F4F44E050E0BE016B587F4FCE018F572A
:10AF40009F4F0E9446559E0121583F4F44E050E0DC
:10AF5000BE016B587F4FCE018F579F4F0E944655C1
:10AF600001E09E0121583F4F41E050E0BE0163598E
:10AF70007F4FCE018F579F4F0E9446559E0121580B
:10AF80003F4F41E050E0BE016F5F7F4FCE018F57D2
:10AF90009F4F0E944655AE96EFACAE978981E89ED2
:10AFA00070011124F1E0EF1AF108012F2FEFE216E2
:10AFB000F20671F09E0121583F4F44E050E0BE017F
:10AFC0006B587F4FCE018F579F4F0E944655EACF57
:10AFD0009E0121583F4F4CE050E068EE76E0CE01F4
:10AFE0008F579F4F0E9446558AE0F82EFA94FF2013
:10AFF00079F0012F9E0121583F4F44E050E0BE01FF
:10B000006B587F4FCE018F579F4F0E944655EECF12
:10B0100001E09E0121583F4F41E050E0BE016B57D7
:10B020007F4FCE018F579F4F0E9446559E0121585A
:10B030003F4F41E050E0BE0163587F4FCE018F5734
:10B040009F4F0E944655012F9E0121583F4F48E0D7
:10B0500050E0BE0163597F4FCE018F579F4F0E9432
:10B0600046559E0121583F4F48E050E0BE016F5FBA
:10B070007F4FCE018F579F4F0E944655CB57DF4FD2
:10B08000E880C558D040EE968FADEE97E89E7001EF
:10B09000112481E0E81AF108012F9E0121583F4F49
:10B0A0009FEFE916F90659F044E050E0BE016B58F5
:10B0B0007F4FCE018F579F4F0E944655EACF41E008
:10B0C00050E0BE0163597F4FCE018F579F4F0E94C2
:10B0D00046559E0121583F4F41E050E0BE016F5F51
:10B0E0007F4FCE018F579F4F0E9446559E0121589A
:10B0F0003F4F40E150E0BE016F5F7F4FCE018F5761
:10B100009F4F0E9446559E0121583F4F41E050E01D
:10B11000BE016F5F7F4FCE018F579F4F0E944655F4
:10B120009E0121583F4F44E050E0BE0163597F4FDC
:10B13000CE018F579F4F0E9446559E0121583F4F89
:10B1400044E050E0BE016F5F7F4FCE018F579F4FAD
:10B150000E9446559E0121583F4F42E050E0BE01FB
:10B1600063587F4FCE018F579F4F0E9446559E01D7
:10B1700021583F4F44E150E0BE016F5F7F4FCE0149
:10B180008F579F4F0E944655311038C0C980DA80D2
:10B19000EB80FC80A7019601C701B6010E9439939C
:10B1A00081112CC0C092D70DD092D80DE092D90D4C
:10B1B000F092DA0D2CEA35EC47E25EE36D817E8198
:10B1C0008F8198850E94428C6093DB0D7093DC0D1B
:10B1D0008093DD0D9093DE0D2CEA35EC47E25EE3C3
:10B1E00069857A858B859C850E9441916093DF0DEE
:10B1F0007093E00D8093E10D9093E20D012F9E017D
:10B2000021583F4F42E050E0BE016F5F7F4FCE01BB
:10B210008F579F4F0E9446559E0121583F4F4CE04B
:10B2200050E0BE016F5F7F4FCE018F579F4F0E944E
:10B230004655311038C0C980DA80EB80FC80A70108
:10B240009601C701B6010E94399381112CC0C092AA
:10B25000C006D092C106E092C206F092C3062CEA64
:10B2600035EC47E25EE36D817E818F8198850E9497
:10B27000428C6093C4067093C5068093C606909373
:10B28000C7062CEA35EC47E25EE369857A858B8553
:10B290009C850E9441916093C8067093C906809373
:10B2A000CA069093CB06012F9E0121583F4F42E0E2
:10B2B00050E0BE016F5F7F4FCE018F579F4F0E94BE
:10B2C00046559E0121583F4F41E050E0BE016F5F5F
:10B2D0007F4FCE018F579F4F0E9446559E012158A8
:10B2E0003F4F40E250E0BE016F5F7F4FCE018F576E
:10B2F0009F4F0E9446559E0121583F4F41E050E02C
:10B30000BE0163597F4FCE018F579F4F0E94465514
:10B310009E0121583F4F45E050E0BE016F5F7F4FD7
:10B32000CE018F579F4F0E94465531100FC0898123
:10B330008093A9068A819B81AC81BD818093A506FB
:10B340009093A606A093A706B093A806012F9E018E
:10B3500021583F4F4CE150E0BE016F5F7F4FCE015F
:10B360008F579F4F0E9446559E0121583F4F48E3FB
:10B3700050E0BE016F5F7F4FCE018F579F4F0E94FD
:10B3800046559E0121583F4F48E050E0BE016F5F97
:10B390007F4FCE018F579F4F0E9446559E012158E7
:10B3A0003F4F4EE050E0BE016F5F7F4FCE018F57A1
:10B3B0009F4F0E9446559E0121583F4F44E050E068
:10B3C000BE016F5F7F4FCE018F579F4F0E94465542
:10B3D00031100CC089819A81AB81BC8180934F0769
:10B3E00090935007A0935107B0935207012F9E01ED
:10B3F00021583F4F4CE050E0BE016F5F7F4FCE01C0
:10B400008F579F4F0E9446559E0121583F4F4CE653
:10B4100050E0BE016F5F7F4FCE018F579F4F0E945C
:10B42000465519821A821B821C821D821E821F822F
:10B43000188619861A861B861C869E0121583F4F46
:10B440004CE050E0BE016F5F7F4FCE018F579F4FA2
:10B450000E9446559E0121583F4F48E050E0BE01F2
:10B460006F5F7F4FCE018F579F4F0E9446559E01C1
:10B4700021583F4F4CE050E0BE016F5F7F4FCE013F
:10B480008F579F4F0E9446559E0121583F4F41E0E4
:10B4900050E0BE0163587F4FCE018F579F4F0E94EF
:10B4A00046559E0121583F4F44E050E0BE0163598C
:10B4B0007F4FCE018F579F4F0E944655CF57DF4F8A
:10B4C00088819981C158D0408F3D924021F10E94DE
:10B4D000D71A8AE695E00E947F1A81E080933B04A8
:10B4E0000E940E1BCF57DF4F68817981C158D04031
:10B4F000645671098CED95E00E9432226BE772E090
:10B5000084ED95E00E94641C8AE00E94781A332042
:10B5100009F45FC066CB10923B04C158DF4F28810D
:10B520003981CF57D040CD57DF4F88819981C3589B
:10B53000D04028173907F1F081E080933B040E9446
:10B54000D71ACD57DF4F68817981C358D04084EB3B
:10B5500095E00E94641CC158DF4F68817981CF5704
:10B56000D0408FEA95E00E94641C8FE995E00E942C
:10B570007F1ACDCF311035CB0E940E1B0CEF12E09D
:10B58000F80181918F01882319F00E94781AF8CF71
:10B59000CF57DF4F68817981C158D0406456710917
:10B5A00082E895E00E943222C158DF4FC880D980DE
:10B5B000CF57D040F12CE12C8BE495E00E947F1A0C
:10B5C0004AE0C701B6010E94001C84E79BE00E948C
:10B5D0007F1A80913B04811104CB0E94774A01CBF2
:10B5E00081E0809390060E9484551092900681110C
:10B5F0000C9484550E94674B80E008957F928F924F
:10B600009F92AF92BF92CF92DF92EF92FF920F93F1
:10B610001F93CF93DF931F92CDB7DEB77C01590103
:10B620008B016B01C40ED51E0C151D05C9F1F70168
:10B6300080809180F80171908F017982C4010E940D
:10B64000A98F781601F1672DC4010E94B18FC40142
:10B650000E94A98F99818917B1F00E940E1B8DE17C
:10B6600092E00E947F1A81E00F90DF91CF911F91AD
:10B670000F91FF90EF90DF90CF90BF90AF909F9091
:10B680008F907F900895BE016F5F7F4FC5010E942C
:10B69000360EF70180819181019691838083C4CF1A
:10B6A00080E0E2CF8F929F92AF92BF92DF92EF92B3
:10B6B000FF920F931F93CF93DF93CDB7DEB7CA5896
:10B6C000D1090FB6F894DEBF0FBECDBFC358DF4F10
:10B6D000188219821A821B82CD57D0408091F202C3
:10B6E0009091F302A091F402B091F502CF57DF4F91
:10B6F00088839983AA83BB83C158D040CB57DF4F3F
:10B7000019821882C558D04084E690E0C957DF4FAF
:10B7100099838883C758D04010923B049E012B57D1
:10B720003F4F44E050E0BE016F577F4FCE01895735
:10B730009F4F0E94FE5AC957DF4F88819981C75891
:10B74000D0400296C957DF4F99838883C758D040AD
:10B75000CB57DF4F19821882C558D040DD24D394CF
:10B76000C657DF4FD882CA58D0409E012B573F4F53
:10B7700041E050E0BE0166577F4FCE0189579F4F91
:10B780000E94FE5A9E012B573F4F48E450E068E765
:10B790007DE0CE0189579F4F0E94FE5A80E1EFE67F
:10B7A000F2E08E010F5F1F4FD80101900D928A9534
:10B7B000E1F79E012B573F4F40E150E0B801CE0129
:10B7C00089579F4F0E94FE5A9E012B573F4F44E0DE
:10B7D00050E060E177E0CE0189579F4F0E94FE5A0A
:10B7E0009E012B573F4F4CE050E069E976E0CE01D7
:10B7F00089579F4F0E94FE5A7E018DE6E80EF11C8C
:10B80000F701D08219821A821B821C829E012B575B
:10B810003F4F41E050E0B701CE0189579F4F0E9452
:10B82000FE5A9E012B573F4F44E050E0B801CE0135
:10B8300089579F4F0E94FE5A80E090E0A0E2B1E459
:10B8400089839A83AB83BC839E012B573F4F44E08F
:10B8500050E0B801CE0189579F4F0E94FE5AC3584D
:10B86000DF4F188219821A821B82CD57D04083E0A5
:10B87000F701808389839E012B573F4F44E050E0BE
:10B88000BE0163587F4FCE0189579F4F0E94FE5AD9
:10B890009E012B573F4F41E050E0B701CE01895741
:10B8A0009F4F0E94FE5A9E012B573F4F41E050E0B0
:10B8B000B801CE0189579F4F0E94FE5A3AE0D32E1D
:10B8C000DA949E012B573F4FDD2059F044E050E0C1
:10B8D000BE0163587F4FCE0189579F4F0E94FE5A89
:10B8E000EFCF4CE050E068EE76E0CE0189579F4FF5
:10B8F0000E94FE5AC358DF4F188219821A821B8297
:10B90000CD57D0402AE0D22EDA94DD2071F09E018E
:10B910002B573F4F44E050E0BE0163587F4FCE01AC
:10B9200089579F4F0E94FE5AEFCF88E0F701982F6A
:10B9300011929A95E9F7F80111928A95E9F783E057
:10B94000C757DF4F8883C958D040EA968FAFEA9730
:10B950009E012B573F4F41E050E0BE0167577F4F9C
:10B96000CE0189579F4F0E94FE5A9E012B573F4F91
:10B9700041E050E0BE0167587F4FCE0189579F4F8D
:10B980000E94FE5A9E012B573F4F48E050E0B801FD
:10B99000CE0189579F4F0E94FE5A9E012B573F4F61
:10B9A00048E050E0B701CE0189579F4F0E94FE5AF0
:10B9B000C358DF4F188219821A821B82CD57D0409C
:10B9C0009AE0A92EB12CF1E0AF1AB10871F09E01F6
:10B9D0002B573F4F44E050E0BE0163587F4FCE01EC
:10B9E00089579F4F0E94FE5AEECF19828FEFF701C1
:10B9F00080839E012B573F4F41E050E0B801CE01BC
:10BA000089579F4F0E94FE5A9E012B573F4F41E09E
:10BA100050E0B701CE0189579F4F0E94FE5A80E146
:10BA2000F80111928A95E9F79E012B573F4F40E1AB
:10BA300050E0B801CE0189579F4F0E94FE5A1982EB
:10BA40009E012B573F4F41E050E0B801CE0189578E
:10BA50009F4F0E94FE5A80917F0290918002A09198
:10BA60008102B091820289839A83AB83BC838091E7
:10BA7000830290918402A0918502B0918602F70121
:10BA800080839183A283B383EA961FAEEA97EB96F5
:10BA90001FAEEB979E012B573F4F44E050E0B8019B
:10BAA000CE0189579F4F0E94FE5A9E012B573F4F50
:10BAB00044E050E0B701CE0189579F4F0E94FE5AE3
:10BAC0009E012B573F4F42E050E0BE0167587F4F29
:10BAD000CE0189579F4F0E94FE5A198A1A8A1B8AE3
:10BAE0001C8A80E090E0A0E8BFE38D879E87AF8747
:10BAF000B88B8091D70D9091D80DA091D90DB091B0
:10BB0000DA0D89839A83AB83BC832CEA35EC47E258
:10BB10005EE36091DB0D7091DC0D8091DD0D909105
:10BB2000DE0D0E9441916D837E838F8398872CEA7E
:10BB300035EC47E25EE36091DF0D7091E00D80919E
:10BB4000E10D9091E20D0E94428C69877A878B8784
:10BB50009C879E012B573F4F44E150E0B801CE0136
:10BB600089579F4F0E94FE5A84E190E09A8389830F
:10BB70009E012B573F4F42E050E0B801CE0189575C
:10BB80009F4F0E94FE5A8091C0069091C106A091DD
:10BB9000C206B091C30689839A83AB83BC832CEA27
:10BBA00035EC47E25EE36091C4067091C506809172
:10BBB000C6069091C7060E9441916D837E838F8354
:10BBC00098872CEA35EC47E25EE36091C8067091F5
:10BBD000C9068091CA069091CB060E94428C698763
:10BBE0007A878B879C879E012B573F4F4CE050E014
:10BBF000B801CE0189579F4F0E94FE5A8FE790E00F
:10BC00009A8389839E012B573F4F42E050E0B80151
:10BC1000CE0189579F4F0E94FE5A19829E012B57D1
:10BC20003F4F41E050E0B801CE0189579F4F0E943D
:10BC3000FE5A80E2E7E8F2E0D80101900D928A9581
:10BC4000E1F79E012B573F4F40E250E0B801CE0193
:10BC500089579F4F0E94FE5AF70110829E012B5771
:10BC60003F4F41E050E0B701CE0189579F4F0E94FE
:10BC7000FE5A9E012B573F4F41E050E069EA76E0C3
:10BC8000CE0189579F4F0E94FE5A9E012B573F4F6E
:10BC900044E050E065EA76E0CE0189579F4F0E946C
:10BCA000FE5A8CE1F80111928A95E9F79E012B5713
:10BCB0003F4F4CE150E0B801CE0189579F4F0E94A1
:10BCC000FE5A88E3E7EAF2E0D80101900D928A95E6
:10BCD000E1F79E012B573F4F48E350E0B801CE01FA
:10BCE00089579F4F0E94FE5A88E0F80111928A9569
:10BCF000E9F79E012B573F4F48E050E0B801CE01D5
:10BD000089579F4F0E94FE5A8EE0F80111928A9542
:10BD1000E9F79E012B573F4F4EE050E0B801CE01AE
:10BD200089579F4F0E94FE5A9E012B573F4F44E078
:10BD300050E06FE477E0CE0189579F4F0E94FE5A92
:10BD40008CE0D82EF8018D2D11928A95E9F79E018D
:10BD50002B573F4F4CE050E0B801CE0189579F4F21
:10BD60000E94FE5A8CE6F80111928A95E9F79E012D
:10BD70002B573F4F4CE650E0B801CE0189579F4FFB
:10BD80000E94FE5A9E012B573F4F4CE050E06FE25D
:10BD900074E0CE0189579F4F0E94FE5AF70110822E
:10BDA00011821282138214821582168217829E01DA
:10BDB0002B573F4F48E050E0B701CE0189579F4FC6
:10BDC0000E94FE5AF7011192DA94E9F7C757DF4F44
:10BDD0001882C958D04080E090E0A0E4B0E4ED962D
:10BDE0008CAF9DAFAEAFBFAFED979E012B573F4FCE
:10BDF0004CE050E0B701CE0189579F4F0E94FE5A98
:10BE00009E012B573F4F41E050E0BE0167577F4FE7
:10BE1000CE0189579F4F0E94FE5A9E012B573F4FDC
:10BE200044E050E0BE0167587F4FCE0189579F4FD5
:10BE30000E94FE5AD0903B04D11059C0C957DF4F21
:10BE400008811981C758D04004561109CB57DF4FDC
:10BE500088819981C558D040F7019183808384E619
:10BE600090E0C957DF4F99838883C758D0409E011F
:10BE70002B573F4F44E050E06CEF72E0CE01895702
:10BE80009F4F0E94FE5A9E012B573F4F42E050E0C9
:10BE9000B701CE0189579F4F0E94FE5A0E940E1B88
:10BEA000B80188E595E00E94641CF70180809180CC
:10BEB000B12CA12C8BE495E00E947F1A4AE0C501C9
:10BEC000B4010E94001C84E79BE00E947F1A0B379C
:10BED000124041F00E94D71A8AE695E00E947F1A2C
:10BEE000DD24D39480913B048D2980933B04909171
:10BEF0003B0481E08927C657DF4F0FB6F894DEBFB9
:10BF00000FBECDBFDF91CF911F910F91FF90EF90AA
:10BF1000DF90BF90AF909F908F9008952F923F92A7
:10BF20004F925F926F927F928F929F92AF92BF9249
:10BF3000CF92DF92EF92FF920F931F93CF93DF93F5
:10BF4000CDB7DEB7C754D1090FB6F894DEBF0FBE28
:10BF5000CDBF20910F0727962FAF279791E09093A1
:10BF60000F0780910E078D3409F47BC5843511F4D9
:10BF70000C94C775873499F420910C0730910D0704
:10BF80002531310509F456C30CF048C02430310581
:10BF90004CF4223031050CF062C337FF77C20E94A7
:10BFA000121B48C324303105D1F780E50E94FB18ED
:10BFB000882309F45FC38091F8069091F9060097F1
:10BFC00009F458C34AE050E070E060E00E94658ADE
:10BFD0006B017C0183E50E94FB18882361F00E94BD
:10BFE000262C20E030E04AE754E40E94428C0E9474
:10BFF000BA916B017C010E942B480E946A10C60E08
:10C00000D71EE81EF91E0E946A106C197D098E0960
:10C010009F0997FF0FC30E941D33F5CF2A353105C5
:10C0200009F402C50CF0CEC12C31310509F426C348
:10C030002E31310509F0B3CFC0905302D090540295
:10C04000E0905502F09056028090E8069090E90644
:10C05000A090EA06B090EB0688E50E94FB188111DB
:10C0600083C4A5019401C701B6010E9447902B012A
:10C070003C014E8A5F8A688E798EC0905702D090BC
:10C080005802E0905902F0905A028090EC0690908D
:10C09000ED06A090EE06B090EF0689E50E94FB1831
:10C0A000811165C4A5019401C701B6010E944790A2
:10C0B0004B015C018A8E9B8EAC8EBD8EBE01665E8E
:10C0C0007F4FCE0146960E946417882309F4B2C2BE
:10C0D0000E94A41561E085E40E94112C382E198677
:10C0E0001A861B861C8649825A826B827C828D82CC
:10C0F0009E82AF82B886BE016B5F7F4FCE010196F4
:10C100000E946417882309F458C12091E8063091F1
:10C11000E9064091EA065091EB06C301B2010E9484
:10C1200046906EA77FA788AB99AB69837A838B8390
:10C130009C832091EC063091ED064091EE065091E3
:10C14000EF06C501B4010E9446909B01AC012D830E
:10C150003E834F835887E0905B02F0905C02009131
:10C160005D0210915E02E986FA860B871C8780913A
:10C17000490290914A02A0914B02B0914C028AABC5
:10C180009BABACABBDAB85E595E5A5E0B3E4809397
:10C19000490290934A02A0934B02B0934C021E8E28
:10C1A0001F8E18A219A2DE015E966D016EA57FA5F5
:10C1B00088A999A90E945F4D8091E706811103C06B
:10C1C00081E00E943D4EC090F006D090F106E090D4
:10C1D000F206F090F3068091F60682FFCBC3A7012A
:10C1E000960160E070E080E090EC0E9446906EA7BF
:10C1F0007FA788AB99AB20E030E0A901C701B60169
:10C200000E94DC8B87FFBFC3A701960160E070E04E
:10C2100080E791E40E9446906B017C01A7019601A2
:10C2200060915B0270915C0280915D0290915E0270
:10C230000E94A7921816ECF5CAA6DBA6ECA6FDA6EE
:10C24000C12CD12C50E2E52E51E4F52ECEA2DFA276
:10C25000E8A6F9A6BE016A5D7F4FCE018A960E94CC
:10C260001E4E1091E6061092E60682E00E94C3156B
:10C270000E94BF4912FF1DC0CAA2DBA2ECA2FDA210
:10C2800020E030E040EA50E460915B0270915C0293
:10C2900080915D0290915E020E9447906E8F7F8F29
:10C2A00088A399A3BE016E5D7F4FCE014E960E947A
:10C2B0001E4E8EA59FA5A8A9B9A98AA39BA3ACA32E
:10C2C000BDA380E090E0A0EAB0E48E8F9F8FA8A38A
:10C2D000B9A3BE01625E7F4FCE0182960E941E4EC0
:10C2E0001091E6061092E60682E00E94C3150E94B5
:10C2F000BF4912FF1EC0C0905B02D0905C02E0906C
:10C300005D02F0905E022091F0063091F1064091BE
:10C31000F2065091F30660E070E080E090E40E9445
:10C3200046909B01AC01C701B6010E94A792181666
:10C3300034F4C12CD12C40ECE42E4FE7F42E2091A4
:10C34000F0063091F1064091F2065091F306C701D4
:10C35000B6010E9447906B017C01AC019B010E94D9
:10C36000399381110CC0332051F00E94D94E88239B
:10C3700031F0C12CD12C30ECE32E3FE7F32E2AA96B
:10C380003BA94CA95DA92093490230934A024093EE
:10C390004B0250934C02A7019601C701B6010E94BF
:10C3A0003993882311F40C940D760E94D94E0E9483
:10C3B000D71A83EC9DE00E947F1A0E948B150E9481
:10C3C0005D2338C12B35310509F431C32C353105D6
:10C3D00009F0E5CD2FEDC22E22E0D22EF12CE12C7A
:10C3E00000E010E0D6018D916D010E94FB18382EFF
:10C3F0008823E1F10E94262C4B015C01133059F097
:10C40000F701ED50F24F20813181428153810E942A
:10C4100046904B015C01F701ED5AFD4F20813181BF
:10C4200042815381C501B4010E9446902B013C0119
:10C430002DEB37E346E855EB0E94A79287FD0AC033
:10C440002DEB37E346E855E3C301B2010E94DC8BD4
:10C45000181664F4133009F0EEC280925F029092D5
:10C460006002A0926102B0926202032D1F5FB4E0ED
:10C47000EB0EF11C143009F0B5CF002321F08FE54D
:10C4800092E00E943B480E945D23D4C080910A073D
:10C49000813009F0CFC00E9468328AEF96E00E9496
:10C4A000EA148091750D83FD88C020915F02309160
:10C4B00060024091610250916202609106077091A2
:10C4C000070780910807909109070E94DC8B882359
:10C4D00009F473C010914E0711116BC020E030E0D9
:10C4E000A9016091D00D7091D10D8091D20D9091E4
:10C4F000D30D0E9447900E94B39120915102309138
:10C500005202621773073CF40E940E1B84E09EE007
:10C510000E947F1A11E020915F02309160024091E9
:10C520006102509162026091060770910707809145
:10C530000807909109070E9446906B017C0120E05A
:10C5400030E0A9010E94A79287FF04C0F7FAF09497
:10C55000F7F8F09420914D0230914E0240914F0235
:10C5600050915002C701B6010E94428C20E030E099
:10C5700048E453E40E94A7921816ECF40E940E1BA4
:10C5800085EE9DE00E947F1A809106079091070733
:10C59000A0910807B091090780935F029093600211
:10C5A000A0936102B093620286E097E00E943B484C
:10C5B00004C010E0B0CF1111E7CF2AE037ED43E21D
:10C5C0005CE36091490270914A0280914B02909124
:10C5D0004C020E94428C6B017C0160914702709179
:10C5E0004802072E000C880B990B0E94E38B9B01DD
:10C5F000AC01C701B6010E94428C69837A838B83A8
:10C600009C83C12CD12C76018E010F5F1F4F26E039
:10C6100037E042E057E06EEF76E08AEF96E00E9466
:10C620007A4780E1EAEFF6E0A3E5B2E001900D92EF
:10C630008A95E1F7E0918F06F0E0E85DF14F8081A7
:10C64000882339F082E19AE00E947F1A8AE00E94F2
:10C65000781A27962FAD279720930F0785C78091CB
:10C660000A07813039F72230310509F080E00E9455
:10C670003E50E0CFC12CD12C7601ACCC8091F70696
:10C680008770873009F45EC10E942B480E94A41570
:10C6900081E08093F4060E94E62188E50E94B218AA
:10C6A000182F89E50E94B218B82E8AE50E94B218A8
:10C6B000A82E1B1108C0B12E181305C011E0BB2411
:10C6C000B394AA24A39480E1E3E5F2E0AAEFB6E0F4
:10C6D00001900D928A95E1F782E50E94FB18C12C2A
:10C6E000D12C70EAE72E70E4F72E882359F00E94CF
:10C6F000262C6B017C0120E030E0A9010E94DC8B3C
:10C700008823C1F1111103C0BB2009F40BC1709043
:10C710005B0280905C0290905D0200915E028091CD
:10C72000F60682FF17C170E060E090E080E0272FFE
:10C73000362F492F582FC701B6010E9447906093AA
:10C740000207709303078093040790930507272D32
:10C75000382D492D502F0E94A79218165CF419828B
:10C760001A821B821C82BE016F5F7F4F82E097E0BE
:10C770000E941E4E112309F4D0C0BB2009F4CAC088
:10C7800010925302109254021092550210925602C7
:10C7900010925702109258021092590210925A02A7
:10C7A0000E94BF49EFEFFBE13490E3EFFBE1C5905E
:10C7B000D590E590F490E7EFFBE1459055906590BA
:10C7C0007490A3019201C701B6010E94A7921816A6
:10C7D0000CF0C5C0A7019601C301B2010E944191AE
:10C7E0006AAB7BAB8CAB9DABEBEEFBE1859195919E
:10C7F000A591B4918C019A2E8B2EE7EEFBE18591E9
:10C800009591A591B4918EA79FA7A8ABB9AB9C01B8
:10C81000AD01B801892D982D0E94A792181624F415
:10C820000EA51FA598A889A82AA93BA94CA95DA96E
:10C83000CA01B9010E94428C20E030E040E85FE389
:10C840000E9447900E94F5929801492D582D0E9410
:10C85000428C69837A838B839C83E0E0FCE11491B2
:10C8600020915B0230915C0240915D0250915E022A
:10C870002EA73FA748AB59AB20E030E040EC5FE388
:10C88000C301B2010E94428C2B013C01612F110FA8
:10C89000770B880B990B0E94E38B9B01AC01C301C2
:10C8A000B2010E94428C2B013C0120E030E040ECC0
:10C8B0005FE3C701B6010E94428C6B017C01632DCE
:10C8C000330C770B880B990B0E94E38B9B01AC0117
:10C8D000C701B6010E94428CAE014F5F5F4F6A01F3
:10C8E000EEA4FFA408A919A9A30192010E945F4D1B
:10C8F0000E94041B1092530210925402109255028F
:10C900001092560210925702109258021092590239
:10C9100010925A0280E00E94E24EBB2019F081E0A2
:10C920000E94E24EAA2019F082E00E94E24E0E948C
:10C93000BF498091F5068093F4060E948B150E94F2
:10C940005D2378CE60E08FE40E94112C882309F4E7
:10C950009BCE70CE772D682D992D802FE8CEA30128
:10C960009201C701B6013ACF0E94262C80CB0E94CB
:10C97000262C9ECB20E030E040E251EC2EA73FA7D2
:10C9800048AB59AB38CCC12CD12C60E7E62E61E422
:10C99000F62E44CC67E177EB81E598E3A3019201A1
:10C9A0000E944790AB01BC018DED9DE00E94B52235
:10C9B00020E030E0A901C501B4010E94DC8B87FFB3
:10C9C00029C067E177EB81E598EBA50194010E940E
:10C9D0004790AB01BC0188ED9DE00E94B52220E0AC
:10C9E00030E0A901C701B6010E94DC8B87FF17C0A8
:10C9F00067E177EB81E598EBA70196010E944790EC
:10CA0000AB01BC0183ED9DE00E94B5228AE00E944B
:10CA1000781AD3CC67E177EB81E598E3D6CF67E16D
:10CA200077EB81E598E3E8CF10920B0703CE8FE018
:10CA300080930B07FFCDF701E652F94F5F01A30189
:10CA4000920160817181828193810E944790D5011A
:10CA50006D937D938D939C931397812F0E94CA149D
:10CA600005CD00910C0710910D070C38110509F444
:10CA700044C60CF0E3C00936110509F461C50CF099
:10CA80009BC00D34110509F480C30CF048C00F3170
:10CA9000110509F49EC214F50131110509F466C2AD
:10CAA0000231110509F07BCA83E50E94FB18882337
:10CAB00011F40C94776D0E94262C20E030E04AE7B8
:10CAC00054E40E94428C0E94BA9160934102709398
:10CAD00042028093430290934402ACCD0B34110583
:10CAE00009F43DC30CF03EC30A32110509F057CAE0
:10CAF00083E50E94FB18882309F49CCD0E94BD2B7E
:10CB0000F82E6DE070E080E50E94AF2B8C0197FD60
:10CB100091CD893009F003C3F0923D078BCD0435E8
:10CB2000110511F2CCF40235110509F4D0C70CF04F
:10CB3000D6C70135110509F032CA0E94FA100E94C9
:10CB40004F170E942D5010923D0768EE73E080E071
:10CB500090E00E94C2216ECD0C35110511F40C94A9
:10CB6000BB6D0836110509F413C30535110509F02D
:10CB700016CA83E50E94B218882309F45BCD0E948F
:10CB80006A106093CD067093CE068093CF06909383
:10CB9000D0060E94262C20E030E04AE754E40E94B0
:10CBA000428C0E94BA916093AC067093AD0680935C
:10CBB000AE069093AF063ECD0137110509F476C558
:10CBC000BCF40D36110509F400C34CF40B36110505
:10CBD00009F404C50CF4E2C4109246022BCD0F36C2
:10CBE000110509F418C50CF403C581E00E94DB1A95
:10CBF0000637110511F40C94BC6E6CF40337110563
:10CC000011F40C94526E14F40C944A6E053711050D
:10CC100009F410CDC4C90837110511F40C94F96E4C
:10CC200014F40C94F56E0937110509F0B8C9109287
:10CC3000F4061092F5060E94E621FCCC0E32E1E0EB
:10CC40001E0711F40C9472730CF0FFC00D3C11051B
:10CC500011F40C94D76F0CF07FC0083C110511F44F
:10CC60000C94086F0CF045C00B39110509F408C786
:10CC70000E3B110509F463C50639110509F08FC98A
:10CC800082E40E94B21810E0882351F08091F806E7
:10CC90009091F9061FEF892B19F00E94BD2B182FD8
:10CCA00085E50E94B21800E0882351F08091F806D3
:10CCB0009091F9060FEF892B19F00E94BD2B082FD8
:10CCC00082E50E94B218882311F40C94026F8091BF
:10CCD000F8069091F906892B11F40C94056F0E94C7
:10CCE000BD2B89830A831B83CE0101960E940819FC
:10CCF000A1CC0B3C110511F40C943B6F14F00C9477
:10CD00005E6F093C110509F04AC90E94D82B87FDC6
:10CD100091CC0FED12E0F8E7EF2EFDE0FF2EA3EE31
:10CD2000CA2EA2E0DA2ED8018D918D010E94B21890
:10CD3000882359F00E94262C0E94BA91F701608343
:10CD40007183828393830E940727F4E0EF0EF11C26
:10CD5000C016D10641F76ECC0D3D110511F40C94AF
:10CD60006B7154F5033D110511F40C947A700C3D70
:10CD7000110511F40C9442710E3C110509F00FC914
:10CD800079E9E72E76E0F72E10E088E5810F0E9422
:10CD9000B218882351F00E94262CF701608371831A
:10CDA00082839383812F0E94CA141F5FF4E0EF0EE9
:10CDB000F11C133051F767CB023221E0120711F456
:10CDC0000C94D5710D3231E0130711F40C947D727F
:10CDD000023E110509F0E3C880E50E94B2188823DD
:10CDE00009F428CC70E060E080E50E94AF2BF82EBB
:10CDF0006FEF7FEF83E50E94AF2B8C0101960397C5
:10CE000008F018CCF7FC16CC8F2D0E9485278111D5
:10CE100091C10E942B4860E08F2D0E940A0F0F3FA6
:10CE2000100711F40C94C5710130110511F40C9424
:10CE3000D17110E000E08F2D0E94B30E8017910792
:10CE400009F4F8CB0E941D33F6CF043F41E01407EC
:10CE500011F40C9468745CF5013981E0180711F441
:10CE60000C94BD7384F40033A1E01A0711F40C9400
:10CE7000FE7214F40C94B9730039114009F08FC894
:10CE80000E942B48D7CB0A39F1E01F0709F40AC4E6
:10CE90000C3A21E0120711F40C94C77302391140C7
:10CEA00009F07DC80E94D94E0E945D23C3CB083F84
:10CEB00041E0140711F40C94747494F4063F81E07B
:10CEC000180711F40C94707414F40C946C7461E0F1
:10CED00083E50E94112C91E089270E943E24AACB71
:10CEE0000438A3E01A0711F40C944E75073EB3E022
:10CEF0001B0711F40C94B9750335134009F04FC8A2
:10CF00008090E8069090E906A090EA06B090EB06C3
:10CF10008091D80687FF02C00C9486748091D90650
:10CF2000837011F00C948674A401B50189E79AE02E
:10CF30000E94B5224091EC065091ED066091EE06FC
:10CF40007091EF0688E39EE00E94B5224091F006C2
:10CF50005091F1066091F2067091F30689E19BE031
:10CF60000E94B5228AE00E94781A64CB8091D6068E
:10CF700084FD12C08091D80687FD0EC08091D9062D
:10CF8000837051F45F988A98809108018170809332
:10CF90000601479812984ECB88E50E94B21881117D
:10CFA0005F9889E50E94B21881118A988AE50E94EB
:10CFB000B218882331F080910801817080930601B6
:10CFC000479885E40E94B218882309F433CB12985D
:10CFD00031CB0E94DE167B018C0120E831E541E077
:10CFE00050E00E94CF8FC9016DE671E00E942A9047
:10CFF0004B015C01C801B70120E13EE040E050E098
:10D000000E94CF8FCA01B90128E130E040E050E032
:10D010000E94CF8F762E672EC62ED72E9CE3292E08
:10D02000312C412C512CC801B701A20191010E9461
:10D03000CF8FF62EE72ECA01B901A20191010E94FD
:10D04000CF8FCB018E010F5F1F4F8114910411F11F
:10D05000EF92FF927F936F936F927F92BF92AF9206
:10D060009F928F9282EA9DE09F938F931F930F93DD
:10D070000E94AC8B0FB6F894DEBF0FBECDBF0E94EE
:10D080000E1BB80186EB9DE00E94C41A8AE00E9444
:10D09000781AD0CAA114B10489F0EF92FF927F935D
:10D0A0006F936F927F92BF92AF9286EA9DE09F93BB
:10D0B0008F931F930F930E94AC8BDCCFCD2879F018
:10D0C000EF92FF927F936F936F927F928AEA9DE037
:10D0D0009F938F931F930F930E94AC8BCBCF892B81
:10D0E00069F0EF92FF927F936F938EEA9DE09F939A
:10D0F0008F931F930F930E94AC8BBCCFEF92FF9244
:10D1000082EB9DE09F938F931F930F930E94AC8BB4
:10D110000F900F900F900F900F900F90B0CF60E096
:10D1200089E40E94112C81110CC0802F0E94852758
:10D13000882339F00E94D71A83E99DE00E947F1A64
:10D1400079CA61E0802F0E940A0F6F2D802F0E9404
:10D15000DC0E6F2D70E0802F0E943B0F6BCA0E9487
:10D160002B1768CA8091D506813009F063CA82E026
:10D170008093D5060E946A106093D1067093D20600
:10D180008093D3069093D40655CA0E944F1752CA73
:10D190008091750D83FD4ECA0E94D82B87FD4ACA27
:10D1A00083E50E94FB18882369F00E94262C0E94C8
:10D1B000B391CB010E9499120E94B110811102C05B
:10D1C0000E944F170E94383235CA8091750D83FD39
:10D1D00031CA0E94D82B8EAB87FD2CCA83E50E94F2
:10D1E000FB188AAF882371F00E94262C0E94B3910D
:10D1F000CB010E9499120E94B110811109C00E94B6
:10D200004F1708C082E50E94FB188111EDCFDACFDD
:10D210000E942B170E94383220E030E0A901609173
:10D22000D00D7091D10D8091D20D9091D30D0E94AF
:10D2300047906E8F7F8F88A399A31092CC0680E0D1
:10D2400090E0A0E8BFEB8E8B9F8BA88FB98F81E019
:10D25000809346021EA61FA618AA19AA22961CAEE3
:10D260001DAE1EAE1FAE229710E024961FAE24976F
:10D27000BCE32596BFAF2597ECE12696EFAF269746
:10D28000F6E42896FFAF289721E023962FAF239747
:10D29000812C912C54016091D40D7091D50D072EE5
:10D2A000000C880B990B0E94E38B6B017C012E898B
:10D2B0003F89488D598D0E94DC8B8823B9F02091DD
:10D2C000D00D3091D10D4091D20D5091D30DCE8A19
:10D2D000DF8AE88EF98E8AAD811118C1C701B601C7
:10D2E0000E94DC8B182F111F1127111F0E946A103A
:10D2F0006B017C01DC01CB0122962CAD3DAD4EAD26
:10D300005FAD2297821B930BA40BB50BB7FD30C00A
:10D31000D701C60188519C4FAF4FBF4F22968CAFAB
:10D320009DAFAEAFBFAF22978EA90E94CA238FE8F0
:10D330009DE00E947F1A81149104A104B10409F4B4
:10D34000EDC0C501B401605F784D8F4F9F4F6C19E0
:10D350007D098E099F0928EE33E040E050E00E94ED
:10D36000CF8FCA01B9010E94711C8AE00E94781A0D
:10D370000E941D330E946A106093CD067093CE0602
:10D380008093CF069093D00620E030E0A901609111
:10D39000D00D7091D10D8091D20D9091D30D0E943E
:10D3A000479069837A838B839C8311110AC0AE01F5
:10D3B0004A5E5F4FBE016F5F7F4FCE014E960E9467
:10D3C0003D1999819AAB2A803B800C81292F322DFF
:10D3D000432D502F6E897F89888D998D0E944690AC
:10D3E0002B013C0120E030E0A9010E94A79287FFB9
:10D3F00004C077FA709477F8709481149104A104B2
:10D40000B10409F08FC020E030E040E85FE3C301E1
:10D41000B2010E94DC8B87FF0DC02396AFAD23972E
:10D4200046015701AA2331F0B0E18B0EB7E29B1EF3
:10D43000A11CB11C112309F442C02EA53FA548A987
:10D4400059A9211531054105510541F0D701C60102
:10D45000821B930BA40BB50BB7FD31C02AA9322D4B
:10D46000432D502F24966FAD249725967FAD259799
:10D4700026968FAD269728969FAD28970E944690B6
:10D4800020E030E040EC5FE30E94DC8B87FD2CC0A5
:10D49000D701C601805A9541AF4FBF4F8EA79FA7B6
:10D4A000A8ABB9AB9AA924969FAF249725962FAE27
:10D4B000259726963FAE269728960FAF28978091FE
:10D4C0004602882389F081149104A104B104D1F0AB
:10D4D000A0E1CA1AA7E2DA0AE108F108C818D908D7
:10D4E000EA08FB08F7FC0EC080914602882309F485
:10D4F000A1C88FEF89838A838B83CE0101960E9416
:10D50000081998C823961FAE2397C5CEC701B60148
:10D510000E94DC8B87FDE8CF10E0E8CE8FE30E940D
:10D52000781A23CF20E030E040E450E4C301B20198
:10D530000E94A79218160CF07DCF460157017ACFB2
:10D540000E94D82B182F87FD0AC082E19AE00E9422
:10D550007F1A812F0E94CA238AE00E94781A279698
:10D56000BFAD2797B0930F07C95BDF4F0FB6F89495
:10D57000DEBF0FBECDBFDF91CF911F910F91FF9006
:10D58000EF90DF90CF90BF90AF909F908F907F9063
:10D590006F905F904F903F902F90089580E50E948C
:10D5A000D12B811147C881E40E94B21860913D07D8
:10D5B000062F811102C00FEF10E083E50E94FB18D7
:10D5C000882349F00E949F2B8B016F3F710519F052
:10D5D00010F00FEF10E000933D072CC880E50E948B
:10D5E000D12B81110C941A6310923D070C941A638D
:10D5F0008EE40E94FB18882311F40C941A630E9495
:10D600009F2B6093C20D7093C30D8093C40D9093B4
:10D61000C50D0C941A6383E50E94B218882329F083
:10D6200083E50E94D12B8093750D0E940E1B88E824
:10D630009DE00E947F1AC090750DCC2071F110E022
:10D6400000E080E0D12CF12CE12CB701A601002EE6
:10D6500004C076956795579547950A94D2F740FF91
:10D6600012C0BB24B394B80E882319F08CE20E9438
:10D67000781AF801EE0FFF1FE352F44E8591949152
:10D680000E947F1A8B2D0F5F1F4F05301105E9F6A1
:10D690008AE00E94781A0C941A6384E89DE00E9444
:10D6A0007F1AF6CF0E940D500C941A6383E50E94F6
:10D6B000FB18882369F00E94BD2B8D3320F48093E2
:10D6C00045020C941A638CE3809345020C941A6310
:10D6D0000E940E1BC0904502D12CF12CE12C8DE74D
:10D6E0009DE00E947F1A4AE0C701B6010E94001C1B
:10D6F0008AE00E94781A0C941A638091750D83FF5A
:10D7000002C00C941A6383E50E94FB18882371F011
:10D710000E94262C0E94B3916C3871050CF48B0189
:10D720001093BE060093BD060E94C4100E94B11063
:10D7300081110C941A630E944F170C941A63809104
:10D74000750D83FF02C00C941A6383E50E94FB18D9
:10D750008EAB882309F46EC10E94262C0E94B391DF
:10D760006C3871050CF06DC17093BE066093BD06F8
:10D770000E94C4100E94B11081110E942B17809149
:10D78000B9069091BA06A091BB06B091BC0640E0E4
:10D7900050E060E87FEB4E8F5F8F68A379A321E0B4
:10D7A000209346028E8B9F8BA88FB98F8FE7809333
:10D7B000CC061EA61FA618AA19AA1AAE1BAE1CAE2E
:10D7C0001DAE10E023961FAE2397ECE32496EFAF37
:10D7D0002497FCE12596FFAF259726E426962FAFE8
:10D7E000269731E03EAF812C912C54016091BD060B
:10D7F0007091BE06072E000C880B990B0E94E38BDC
:10D800006B017C012E8D3F8D48A159A10E94DC8BBC
:10D810008823B9F02091B9063091BA064091BB0631
:10D820005091BC06CE8EDF8EE8A2F9A28EA981119E
:10D830000BC1C701B6010E94DC8B182F111F1127E5
:10D84000111F0E946A106B017C01DC01CB012AAD23
:10D850003BAD4CAD5DAD821B930BA40BB50BB7FD7F
:10D860002EC0D701C60188519C4FAF4FBF4F8AAF22
:10D870009BAFACAFBDAF80E00E94CA238FE89DE0B4
:10D880000E947F1A81149104A104B10409F4E6C036
:10D89000C501B401605F784D8F4F9F4F6C197D09B2
:10D8A0008E099F0928EE33E040E050E00E94CF8FC0
:10D8B000CA01B9010E94711C8AE00E94781A0E9474
:10D8C0001D330E946A106093CD067093CE0680933C
:10D8D000CF069093D0068091B9069091BA06A09198
:10D8E000BB06B091BC0689839A83AB83BC831111BC
:10D8F0000AC0AE01425E5F4FBE016F5F7F4FCE0137
:10D9000046960E94CD1929803A809B819AAB0C8162
:10D910009101492F502F6E8D7F8D88A199A10E9472
:10D9200046902B013C0120E030E0A9010E94A79223
:10D9300087FF04C077FA709477F87094811491048B
:10D94000A104B10409F08EC020E030E040E85FE3BC
:10D95000C301B2010E94DC8B87FF0BC0AEAD460154
:10D960005701AA2331F0B0E18B0EB7E29B1EA11C38
:10D97000B11C112309F443C02EA53FA548A959A9FC
:10D98000211531054105510541F0D701C601821B22
:10D99000930BA40BB50BB7FD32C091014AA9502FD0
:10D9A00023966FAD239724967FAD249725968FAD50
:10D9B000259726969FAD26970E94469020E030E05E
:10D9C00040EC5FE30E94DC8B87FF02C00C941A637B
:10D9D000D701C601805A9541AF4FBF4F8EA79FA771
:10D9E000A8ABB9AB23962FAE239724963FAE2497CE
:10D9F0009AA925969FAF259726960FAF26978091D7
:10DA00004602882311F40C941A6381149104A10432
:10DA1000B10471F0A0E1CA1AA7E2DA0AE108F1083C
:10DA2000C818D908EA08FB08F7FC02C00C941A636E
:10DA30001EAEDCCE82E50E94FB1881118DCE0C94C7
:10DA40001A636CE870E090CEC701B6010E94DC8BCF
:10DA500087FF02C00C941A6310E0F3CE8FE30E949C
:10DA6000781A2ACF20E030E040E450E4C301B2014C
:10DA70000E94A79218160CF07CCF4601570179CF6F
:10DA800083E50E94FB18882311F40C941A630E940A
:10DA9000BD2B182F8D3308F01CE31093B4060E94A1
:10DAA0006A106B017C01212F30E0A8EEB3E00E94E8
:10DAB0001B90C60ED71EE81EF91EC092B006D0926B
:10DAC000B106E092B206F092B3060C941A6380910C
:10DAD0000B078F7D806180930B070C941A638091F4
:10DAE0000B078F7E806280930B070C941A638091E2
:10DAF000D60684FD0CC08091D80687FD08C08091B1
:10DB0000D906837021F40E942D500C941A630E9450
:10DB10002B4888E50E94B218882331F05F9A8091E3
:10DB2000F6068E7F8093F60689E50E94B218882358
:10DB300031F08A9A8091F6068D7F8093F6068AE509
:10DB40000E94B218882361F080910801809581704D
:10DB500080930601479A8091F6068B7F8093F606A4
:10DB600085E40E94B218882311F40C941A630E9471
:10DB70005C1A0C941A630E94D82B87FF02C00C9485
:10DB80001A638091D60684FD09C08091D80687FD6E
:10DB900005C08091D906837009F477C0BFEDCB2E04
:10DBA000B2E0DB2E18E7E12E1DE0F12E10E0F601C9
:10DBB00081916F010E94FB18882309F451C0133032
:10DBC00009F059C00E94262C4B015C0120E030E096
:10DBD00040EA51E40E94DC8B87FF3AC0A501940122
:10DBE0006091980D7091990D80919A0D90919B0D77
:10DBF0000E9441912B013C01AC019B016091A80D59
:10DC00007091A90D8091AA0D9091AB0D0E94428C4C
:10DC10006093A80D7093A90D8093AA0D9093AB0DFE
:10DC200060913007709131078091320790913307EE
:10DC30000E94E18BA30192010E94428C0E94BA9142
:10DC400060933007709331078093320790933307C6
:10DC50008092980D9092990DA0929A0DB0929B0D82
:10DC60001F5FB4E0EB0EF11C143009F0A0CF0E944E
:10DC7000014A0C941A630E94262CD70154966D9386
:10DC80007D938D939C935797EBCF81E00E945F2308
:10DC90000C941A630E94C62288E19EE00E94FE2135
:10DCA0000C941A6385EB9CE00E947F1A60E085EA81
:10DCB0009CE00E94E02660E080E99CE00E94E02673
:10DCC00061E089E89CE00E94E02661E08EE79CE04C
:10DCD0000E94E02661E08EE69CE00E94E02660E083
:10DCE00085E69CE00E94E02661E08BE59CE00E94D6
:10DCF000E02660E081E59CE00E94E02661E089E4A6
:10DD00009CE00E94E02660E08BE39CE00E94E0261D
:10DD100060E08DE29CE00E94E02660E08EE19CE005
:10DD20000E94E02660E080E19CE00E94E02660E046
:10DD30008AEF9BE00E94E02660E089EE9BE00E9473
:10DD4000E02660E08AED9BE00E94E02660E085EC42
:10DD50009BE00E94E02661E082EB9BE00E94E026CF
:10DD600060E085EA9BE00E94E02660E081E99BE0BC
:10DD70000E94E0260C941A630091AA061091AB064B
:10DD800094E0F12C40E09150F9F0F8018081282FC7
:10DD90002B7F213499F421812133B1F4813411F1A5
:10DDA000853409F441E098012E5F3F4F89012F5FD0
:10DDB0003F4FF80180818032C9F3E5CF803521F4EF
:10DDC000818180538A3078F341110E940E1BFF201D
:10DDD00021F08DE89BE00E947F1AC8010E94FA267C
:10DDE0000C941A63FF24F394DECF0E94A21A0C94C1
:10DDF0001A6381E08093F4068093F5060E94E62181
:10DE00000C941A6380E00C9471668FEF0C94716629
:10DE10000E94D82B182F87FF02C00C941A6384E449
:10DE20000E94B218811104C00E94A7130C941A63B7
:10DE30000E94262C6B017C0101E020E030E0A9016A
:10DE40000E94DC8B811101C000E00093A90620E054
:10DE500030E0A901C701B6010E94DC8B882321F3C1
:10DE600024E01202F0011124EB55F94FC082D18257
:10DE7000E282F382D9CF0E94D82B87FF02C00C9494
:10DE80001A63EFEDEE2EE2E0FE2E10E000E0D70187
:10DE90008D917D010E94B218882349F00E94262CA2
:10DEA000F801E858F24F64A375A386A397A30C5F0B
:10DEB0001F4F0031110559F70C941A638091D70652
:10DEC00087FD2DC08091D8068E7049F54091AC0D2C
:10DED0005091AD0D6091AE0D7091AF0D8DE79BE04F
:10DEE0000E94B5224091B00D5091B10D6091B20DDC
:10DEF0007091B30D8AE79BE00E94B5224091B40D6A
:10DF00005091B50D6091B60D7091B70D87E79BE00C
:10DF10000E94B5228AE00E94781A0C941A6383E565
:10DF20000E94FB18882391F00E94262C6093AC0D70
:10DF30007093AD0D8093AE0D9093AF0D6093B40DC3
:10DF40007093B50D8093B60D9093B70D80E50E9448
:10DF5000FB18882351F00E94262C6093AC0D70931F
:10DF6000AD0D8093AE0D9093AF0D82E50E94FB182E
:10DF7000882351F00E94262C6093B00D7093B10D50
:10DF80008093B20D9093B30D84E50E94FB18882313
:10DF900011F40C941A630E94262C6093B40D7093B4
:10DFA000B50D8093B60D9093B70D0C941A638091C4
:10DFB000D60681FD0AC08091D70681FD06C08091FA
:10DFC000D8068C7011F40C941A6382E40E94B21883
:10DFD0008823A9F08091F8069091F906009709F43A
:10DFE0007DC04AE050E070E060E00E94658A609386
:10DFF000880D7093890D80938A0D90938B0D83E526
:10E000000E94B218882351F00E94262C6093B80D0C
:10E010007093B90D8093BA0D9093BB0D84E50E9467
:10E02000B218882351F00E94262C6093BC0D709387
:10E03000BD0D8093BE0D9093BF0D8AE40E94B2186F
:10E04000882311F40C941A630E94262C6B017C0126
:10E050002AE037ED43E25CE30E94A79287FD42C0CD
:10E060002AE939E949E95EE3C701B6010E94DC8B80
:10E070001816C4F1C0921007D0921107E09212074F
:10E08000F09213076091840D7091850D8091860D3B
:10E090009091870D0E94E18B4B015C0123EF34E0EE
:10E0A00045E35FE3C701B6010E94428C9B01AC01CE
:10E0B000C501B4010E94428C29E732E84AE550E4E8
:10E0C0000E94428C0E94F592609338077093390742
:10E0D00080933A0790933B070C941A6360E070E0DA
:10E0E000CB0185CF0E94D71A88E59BE00E947F1A5A
:10E0F0000C941A634090F30D5090F40D6090F50D60
:10E100007090F60D2091290230912A0240912B0245
:10E1100050912C02C301B2010E9447906EA77FA7C5
:10E1200088AB99AB8090F70D9090F80DA090F90D09
:10E13000B090FA0D20912D0230912E0240912F02C5
:10E1400050913002C501B4010E9447906AAB7BAB8D
:10E150008CAB9DABC090FB0DD090FC0DE090FD0D05
:10E16000F090FE0D20913102309132024091330245
:10E1700050913402C701B6010E9447906EAB7FAB4D
:10E1800088AF99AF20913502309136024091370225
:10E1900050913802C301B2010E9447902B013C010B
:10E1A0002091390230913A0240913B0250913C0259
:10E1B000C501B4010E9447904B015C0120913D02D2
:10E1C00030913E0240913F0250914002C701B6019A
:10E1D0000E9447906B017C010E940E1B88E49BE02B
:10E1E0000E947F1A83E50E94B218882321F00E94C2
:10E1F000012C8093280280912802882309F43FC0D3
:10E2000082E092E00E947F1A80E49BE00E947F1AE5
:10E210004EA55FA568A979A98EE597E00E94B52271
:10E220004AA95BA96CA97DA988E39EE00E94B5225A
:10E230004EA95FA968AD79AD89E19BE00E94B52246
:10E2400082ED95E00E947F1A88E39BE00E947F1A8E
:10E25000B301A2018EE597E00E94B522B501A401A9
:10E2600088E39EE00E94B522B701A60189E19BE008
:10E270000E94B5228AE00E94781A0C941A6381EBFE
:10E280009CE0C0CF83E50E94FB18882331F00E94F8
:10E290009F2B70934802609347028091D60690911D
:10E2A000D706A091D806B091D906892B8A2B8B2B43
:10E2B00011F00C941A63609147027091480284E354
:10E2C0009BE00E94322285E20E94781A8AE00E9436
:10E2D000781A0C941A630E94D82BD82E87FF02C09C
:10E2E0000C941A6383E50E94FB18ED2C0D2C000C96
:10E2F000FF088701000F111F882369F10E949F2BDF
:10E30000F801EA5DFD4F718360838701000F111FE3
:10E31000000F111F9801235B3D4F7901072E000C60
:10E32000880B990B0E94E38B2AE037ED43E25CE314
:10E330000E94428CF801EB56F94F208131814281D5
:10E3400053810E94428CD7016D937D938D939C9352
:10E3500013970C941A630E940E1B85E40E94781A8E
:10E3600080E38D0D0E94781AF801EA5DFD4F60810F
:10E3700071818CE29BE00E94322285E20E94781A31
:10E380008AE00E94781A0C941A638F2D0E94B30EB3
:10E3900031E020E0892B09F030E0032F122F0C949C
:10E3A0001B6701E010E00C941B678AE50E94FB18D4
:10E3B000882309F476C00E94262C20E030E040E05B
:10E3C00050EC0E94DC8BC12CD12CE12C40ECF42EC3
:10E3D00087FD13C00E94262C20E030E040E050E48E
:10E3E0000E94A792C12CD12CE12C30E4F32E1816F8
:10E3F00024F00E94262C6B017C018091F606869504
:10E40000869580FF23C02091940D3091950D409109
:10E41000960D5091970DC701B6010E94428C0E9443
:10E42000B3912091930630919406260F371F3093B5
:10E430009406209393062091910630919206C9018B
:10E44000860F971F909392068093910680E50E9415
:10E45000B218811146C0A70196016091F006709133
:10E46000F1068091F2069091F3060E944790609326
:10E47000F0067093F1068093F2069093F3060E94E3
:10E480000E1B4091F0065091F1066091F2067091DA
:10E49000F3068CE19BE00E94B5228AE00E94781A84
:10E4A00005C083E50E94FB18811185CF8091D806B5
:10E4B00087FD1CC08091D9068370C1F40E940E1B99
:10E4C0004091F0065091F1066091F2067091F306CA
:10E4D0008DE09BE00E94B5228AE00E94781A0C949D
:10E4E0001A630E94012C8111B6CFE0CF82E50E9411
:10E4F000B2188111E3CF0C941A6385E40E94D12BEA
:10E50000811174C080E50E94B218882351F00E94E6
:10E51000262C6093D70D7093D80D8093D90D9093CE
:10E52000DA0D89E40E94B218882381F00E94262C1B
:10E530002CEA35EC47E25EE30E94428C6093DB0DEF
:10E540007093DC0D8093DD0D9093DE0D84E40E94CA
:10E55000B218882381F00E94262C2CEA35EC47E281
:10E560005EE30E9441916093DF0D7093E00D809314
:10E57000E10D9093E20D0E940E1B4091D70D50913A
:10E58000D80D6091D90D7091DA0D87EF9AE00E9455
:10E59000B5222CEA35EC47E25EE36091DB0D709129
:10E5A000DC0D8091DD0D9091DE0D0E944191AB015B
:10E5B000BC0183EF9AE00E94B5222CEA35EC47E2D9
:10E5C0005EE36091DF0D7091E00D8091E10D90911F
:10E5D000E20D0E94428CAB01BC018FEE9AE00E94DA
:10E5E000B5228AE00E94781A0C941A630E94D71A06
:10E5F0008BEF9AE00E947F1A0C941A6380E50E94C8
:10E60000B218882351F00E94262C6093C0067093A4
:10E61000C1068093C2069093C30689E40E94B21893
:10E62000882381F00E94262C2CEA35EC47E25EE339
:10E630000E94428C6093C4067093C5068093C60600
:10E640009093C70684E40E94B218882381F00E9448
:10E65000262C2CEA35EC47E25EE30E944191609360
:10E66000C8067093C9068093CA069093CB060E9491
:10E670000E1B4091C0065091C1066091C206709178
:10E68000C30687EF9AE00E94B5222CEA35EC47E2F8
:10E690005EE36091C4067091C5068091C6069091B4
:10E6A000C7060E944191AB01BC0183EF9AE00E9432
:10E6B000B5222CEA35EC47E25EE36091C806709122
:10E6C000C9068091CA069091CB060E94428CAB018C
:10E6D000BC018FEE9AE00E94B5228AE00E94781A6F
:10E6E0000C941A6383E50E94B218182F882371F0E6
:10E6F0000E94262C0E94B3917093520260935102A3
:10E7000021E0672B09F020E020934E0780E50E946E
:10E71000B218882361F02091510230915202232BCC
:10E7200011F00E94012C80934E070C941A63111172
:10E730000C941A630E940E1B8CED9AE00E947F1AC3
:10E7400080914E07882391F089E098E00E947F1A1B
:10E7500060915102709152028BEC9AE00E94322239
:10E7600087EC9AE00E947F1A0C941A6383EC9AE07B
:10E77000EDCF0E94502C0C941A638091E706811112
:10E780000C94436281E00E943D4E0C944362809160
:10E79000F70617E080FD16E081FD1D7FFE01319632
:10E7A0004F0182FF12C21B7F19F081EF92E00FC26E
:10E7B00096E9A92E9EE0B92E23E5222E22E0322EE4
:10E7C0006F01F12CE12CF501659175918591949182
:10E7D000D1012D913D914D915D911D012EA73FA736
:10E7E00048AB59AB0E9446902B013C01F601408298
:10E7F00051826282738220E030E040EA51EC0E9454
:10E80000A79287FD0AC020E030E040EA51E4C3014E
:10E81000B2010E94DC8B1816A4F4F701E150F44E0B
:10E82000E4911E1674F44EA45FA468A879A877FA40
:10E83000709477F87094D6014D925D926D927C92AF
:10E840001397F60141905190619071906F0120E013
:10E8500030E040EA51ECC301B2010E94A79287FD6B
:10E860002FC020E030E040EA51E4C301B2010E9431
:10E87000DC8B18162CF1FFEFEF1AFF0A24E0A20E32
:10E88000B11C33E0E316F10409F09DCF89E9E82ECD
:10E8900086E0F82EF40181919191A191B1914F01FF
:10E8A000F70181939193A193B1937F01812F0E94EE
:10E8B000CA141F5F133071F70E945D230C941A6312
:10E8C0000E94D71A85EA9AE00E947F1A0C941A6374
:10E8D0000E94525B0C941A630E94F05A0C941A63C3
:10E8E0000E94674B0C941A63909390060E94845583
:10E8F00010929006882311F40C941A630E940E1B48
:10E9000088E89AE00E947F1A0C941A630091EC0642
:10E910002090ED063090EE06F091EF06FEA7C09035
:10E92000F006D090F106E090F206F090F30688E54C
:10E930000E94FB18182F882309F482C00E94262CFD
:10E940002B013C0120E030E046E953EC0E94A79205
:10E9500087FD0BC020E030E046E953E4B201C3017B
:10E960000E94DC8B18160CF06DC06CE271E086E63C
:10E970009AE00E9432226CE271E08CE39AE00E94FD
:10E98000322284E79BE00E947F1A10E089E50E9412
:10E99000FB18882341F10E94262C2B013C0120E02A
:10E9A00030E046E953EC0E94A79287FD0BC020E0BF
:10E9B00030E046E953E4B201C3010E94DC8B181633
:10E9C0000CF043C06CE271E083E59AE00E943222D1
:10E9D0006CE271E08CE39AE00E94322284E79BE0D3
:10E9E0000E947F1A10E08AE50E94FB18882391F1AB
:10E9F0000E94262C6B017C0120E030E040EA51ECC3
:10EA00000E94A79287FD0AC020E030E040EA51E46E
:10EA1000C701B6010E94DC8B1816E4F46CEE7FEFA0
:10EA200081E49AE00E94322264E170E08CE39AE093
:10EA30000E94322284E79BE00E947F1A0C941A63A2
:10EA400011E0A4CF42015301A1CF042D252C362C77
:10EA50007EA6C9CF112311F40C941A63C401D50109
:10EA60008093E8069093E906A093EA06B093EB063C
:10EA7000802F922DA32DBEA58093EC069093ED06DA
:10EA8000A093EE06B093EF06C092F006D092F10686
:10EA9000E092F206F092F3060C941A63A0904F07EE
:10EAA000B0905007C0905107D09052078BE40E945D
:10EAB000FB18882339F10E94262C7B018C0120E071
:10EAC00030E0A9010E94A79287FD0AC020E030E053
:10EAD00040E251E4B701C8010E94DC8B1816A4F48F
:10EAE0008FE30E94781A8BE40E94781A8DE19AE0F5
:10EAF0000E947F1A85E19AE00E947F1A8FE795E0D5
:10EB00000E947F1A750186019701A801B501C6010F
:10EB10000E94DC8B882361F00E942B48C701D8013A
:10EB200080934F0790935007A0935107B0935207DB
:10EB30008091D6069091D706A091D806B091D906BB
:10EB4000892B8A2B8B2B11F00C941A630E940E1BBD
:10EB500040914F07509150076091510770915207B3
:10EB600081E39AE00E94B5228AE00E94781A0C9410
:10EB70001A6381E080930A0760E083E50E94112C0C
:10EB800081110C941A630E9497260C941A630091C9
:10EB90000C0710910D07002311F40C941A630E94C6
:10EBA0000E1B84E50E94781AB8017727072E000C07
:10EBB000880B990B0E94711C80E20E94781A8BEFDF
:10EBC0009AE00E947F1A0C941A6386EF92E048EF55
:10EBD00052E011FD02C041EF52E02AEF32E010FD99
:10EBE00002C021EF32E09F938F935F934F933F9347
:10EBF0002F9383E99AE09F938F939F928F920E9425
:10EC0000AC8B0E940E1BC4010E94FA260FB6F8942A
:10EC1000DEBF0FBECDBF0C941A6320E030E0A90127
:10EC2000C301B2010E94DC8B87FD02C00C94CA6450
:10EC300067E177EB81E598EB0C94CE641F920F921D
:10EC40000FB60F9211242F933F938F939F93AF93FF
:10EC5000BF938091870690918806A0918906B09114
:10EC60008A063091860623E0230F2D3758F501964A
:10EC7000A11DB11D20938606809387069093880678
:10EC8000A0938906B0938A0680918B0690918C069A
:10EC9000A0918D06B0918E060196A11DB11D8093A5
:10ECA0008B0690938C06A0938D06B0938E06BF9131
:10ECB000AF919F918F913F912F910F900FBE0F9029
:10ECC0001F90189526E8230F0296A11DB11DD2CFE3
:10ECD0000F931F93CF93DF9380911B028F3708F41C
:10ECE000A2C08F579091D60D9093FD04992309F4FB
:10ECF00098C02C9A2091BF062093FC0490910201A9
:10ED0000211190959072909300018F5F80931B0268
:10ED10008091FB0491E089278093FB0480911A0283
:10ED2000C1E0C80F85300CF0C0E0823009F43AC170
:10ED30000CF086C0882309F49BC0813009F426C1F9
:10ED4000C0931A0220919106309192062115310547
:10ED500009F455C0F894609109016270809108012E
:10ED6000817080930601479880910B01121613065B
:10ED70000CF08095827080930901121613060CF432
:10ED800040C1439A409184005091850080910B01CD
:10ED90008095887080930901419A809184009091B8
:10EDA0008500841B950BB0E0A0E073E0880F991FED
:10EDB000AA1FBB1F7A95D1F78097A105B10568F30B
:10EDC00080910B01887080930901419880910B011B
:10EDD00061118095827080930901662309F413C143
:10EDE000439A789480919106909192061216130698
:10EDF0000CF00BC1019790939206809391060E94AC
:10EE000043168091730D9091740D009729F001972E
:10EE10009093740D8093730DDF91CF911F910F919B
:10EE200008952C9867CF9091FD04891708F02C98CD
:10EE30009091FC04891708F468CF9091020162CF89
:10EE4000843009F4C7C00CF4C0C0853009F078CF15
:10EE50009091FA04911102C08093FA048091FA040F
:10EE600081508093FA04882309F46ACFC5E068CF03
:10EE7000809119028F5F80311CF48093190260CF5A
:10EE8000109219028091F904811113C08091CC0D68
:10EE90009091CD0D9093CF0D8093CE0D8091B506BE
:10EEA0009091B6069093B8068093B70681E0809360
:10EEB000F9041092CD0D1092CC0D1092B60610925E
:10EEC000B5060091CE0D1091CF0D8091D40D90918B
:10EED000D50DD1E0181619062CF08091D60D8111B0
:10EEE00001C0D0E0809120029091210208171907FB
:10EEF0003CF44EEC58E06BED78E080E00E948D1C15
:10EF0000DD2371F080911E0290911F0280179107FE
:10EF10003CF44DEE58E06AEF78E080E00E948D1CF2
:10EF20008091BD069091BE06D1E0181619062CF00E
:10EF30008091BF06811101C0D0E02091B7063091C9
:10EF4000B8068091FF0490910005821793073CF06A
:10EF50004EEC58E06BED78E08FEF0E948D1CDD23C6
:10EF600009F4EECE2091B7063091B80680911C02CC
:10EF700090911D02281739070CF4E2CE4DEE58E0AF
:10EF80006AEF78E08FEF0E948D1CDACE88E08093E4
:10EF90007B0085E480937C0080917A00806480937C
:10EFA0007A00CECE80917A0086FD27C0209178002D
:10EFB000309179008091CC0D9091CD0D820F931FEF
:10EFC0009093CD0D8093CC0DBBCE88E080937B00D9
:10EFD00086E4E0CF80917A0086FD11C02091780010
:10EFE000309179008091B5069091B606820F931FFB
:10EFF0009093B6068093B506A3CEC2E0A1CEC4E03E
:10F000009FCE4398BFCE4398ECCE0196F4CE0F939B
:10F010000FB70F9300916E000B7F00936E007894F2
:10F020000F930BB70F930CB70F921F922F933F9331
:10F030004F935F936F937F938F939F93AF93BF9300
:10F04000EF93FF9311240E946876FF91EF91BF9197
:10F05000AF919F918F917F916F915F914F913F9170
:10F060002F911F900F900CBF0F910BBF0F91046059
:10F07000F89400936E000F910FBF0F9118952F9287
:10F080003F924F925F926F927F928F929F92AF9238
:10F09000BF92CF92DF92EF92FF920F931F93CF9385
:10F0A000DF93CDB7DEB767970FB6F894DEBF0FBE1C
:10F0B000CDBF8FEF9FEF90938900809388002AE067
:10F0C0002983312C212C789480919E0490919F0467
:10F0D000A091A004B091A104892B8A2B8B2B09F05D
:10F0E000E5C18091A4048823E1F08091A20490916D
:10F0F000A3041092A404892B09F4D8C1109295049A
:10F100001092A3041092A2049091020E8091030E1B
:10F11000981709F4CBC18091030E8F5F8F70809395
:10F12000030E8091A2049091A304892B09F4BEC11F
:10F1300040919A0450919B0460919C0470919D04AD
:10F140008091960490919704A0919804B0919904AD
:10F1500000918B0410E030E020E0841B950BA60B9F
:10F16000B70B081719072A073B0710F4D901C80184
:10F17000E82F840F951FA61FB71F80939A049093C2
:10F180009B04A0939C04B0939D041B821A82F1E01F
:10F190000091600410916104209162043091630435
:10F1A0008091700490917104A0917204B0917304E5
:10F1B000080F191F2A1F3B1F00937004109371043E
:10F1C000209372043093730437FD33C0409152048E
:10F1D000042E000C550B660B770B8091E30D90917C
:10F1E000E40DA091E50DB091E60D840F951FA61FCB
:10F1F000B71F8093E30D9093E40DA093E50DB093BA
:10F20000E60D80915C0490915D04A0915E04B09144
:10F210005F04B901A801481B590B6A0B7B0BDB018A
:10F22000CA018093700490937104A0937204B09308
:10F230007304409164045091650460916604709178
:10F2400067048091740490917504A0917604B09144
:10F250007704480F591F6A1F7B1F40937404509313
:10F260007504609376047093770477FD33C0C09083
:10F2700053040C2C000CDD08EE08FF088091E70D0C
:10F280009091E80DA091E90DB091EA0D8C0D9D1DB6
:10F29000AE1DBF1D8093E70D9093E80DA093E90D7F
:10F2A000B093EA0D80915C0490915D04A0915E049E
:10F2B000B0915F044A015B01881A990AAA0ABB0A45
:10F2C000D501C4018093740490937504A0937604CF
:10F2D000B0937704C0906804D0906904E0906A0409
:10F2E000F0906B048091780490917904A0917A0455
:10F2F000B0917B048C0D9D1DAE1DBF1D80937804C5
:10F3000090937904A0937A04B0937B04B7FD33C043
:10F3100080905404082C000C9908AA08BB08C090DF
:10F32000EB0DD090EC0DE090ED0DF090EE0DC80CD3
:10F33000D91CEA1CFB1CC092EB0DD092EC0DE092A4
:10F34000ED0DF092EE0DC0905C04D0905D04E09065
:10F350005E04F0905F044C015D018C189D08AE08BE
:10F36000BF0875016401C0927804D0927904E092DC
:10F370007A04F0927B0480907C0490907D04A090AD
:10F380007E04B0907F04C0906C04D0906D04E09037
:10F390006E04F0906F04C80CD91CEA1CFB1CC092D0
:10F3A0007C04D0927D04E0927E04F0927F04F7FC0E
:10F3B00038C040905504042C000C550866087708A6
:10F3C0008090EF0D9090F00DA090F10DB090F20DA7
:10F3D000840C951CA61CB71C8092EF0D9092F00D2A
:10F3E000A092F10DB092F20D80905C0490905D04BB
:10F3F000A0905E04B0905F04C818D908EA08FB0822
:10F40000C0927C04D0927D04E0927E04F0927F044E
:10F41000F0908A04E0900105E3FEC6C0FA94F092F1
:10F420008A04F1110CC0E0908400F0908500AA805D
:10F43000BB80EA18FB08F2E0EF16F104A0F337FFF7
:10F44000889A77FF8E9AB7FD07C0F0910B01F0956F
:10F45000F870F0930901419A8090840090908500A3
:10F460009B828A82E0908400F0908500AA80BB8015
:10F47000EA18FB08F2E0EF16F104A0F337FF8898D2
:10F4800077FF8E98B7FD06C080910B01887080933E
:10F4900009014198EE2331F080908400909085001E
:10F4A0009B828A82E150F0E009F072CE80911402D2
:10F4B00090911502A0911602B0911702892B8A2B08
:10F4C0008B2B09F0A4C080918904882309F48FC094
:10F4D00040918A0480909A0490909B04A0909C0490
:10F4E000B0909D04C0908504D0908604E09087047D
:10F4F000F0908804C814D904EA04FB0408F056C04C
:10F50000809156049091570420915A0430915B04E5
:10F510002817390708F04AC0415040938A040197E0
:10F520009093570480935604409110025091110219
:10F53000609112027091130280918A0487FD5BC072
:10F54000169A90E080E021E030918A04332309F498
:10F5500056C0211109C02091840030918500281BDC
:10F56000390B22303105B8F3149A809184009091C0
:10F57000850020918A0427FF40C02F5F20938A04D2
:10F580002091840030918500281B390B22303105F1
:10F59000B8F3149820918A04222321F080918400EA
:10F5A0009091850020E0D0CFF39439CF8C149D0446
:10F5B000AE04BF0480F480915604909157042091CA
:10F5C0005804309159048217930728F44F5F4093F1
:10F5D0008A040196A5CFAA24AA94BA2C6501A09208
:10F5E0001002B0921102C0921202D09213024FEF99
:10F5F0005FEFBA01A1CF1698A4CF2150BFCF40939F
:10F6000014025093150260931602709317028091B2
:10F610009E0490919F04A091A004B091A104892B15
:10F620008A2B8B2B11F00C942B83C090A204D090CA
:10F63000A304DF8ACE8ACD2811F40C94CF834090A6
:10F640009A0450909B0460909C0470909D0480915B
:10F65000960490919704A0919804B091990448164B
:10F6600059066A067B0608F477C01092950410923A
:10F67000A3041092A2049091020E8091030E981799
:10F6800011F40C94CF838091030E8F5F8F70809361
:10F69000030E00EDC02E07E0D02EE12CF12C80915E
:10F6A000A2049091A304892B11F00C9423830E944F
:10F6B0000E149093A3048093A204892B11F40C944C
:10F6C00023838090A2049090A3049B828A82D40119
:10F6D0008C9183FD02C00C945881F401858D968D28
:10F6E000A78DB0A1418D528D638D748D05891689CA
:10F6F0002789308D0093E30D1093E40D2093E50DE1
:10F700003093E60D4093E70D5093E80D6093E90DBB
:10F710007093EA0D8093EB0D9093EC0DA093ED0D9B
:10F72000B093EE0D81A192A1A3A1B4A18093EF0D9E
:10F730009093F00DA093F10DB093F20D9091020E05
:10F740008091030E981709F4B2CF8091030E8F5F5A
:10F750008F708093030EABCF8091910490919204AF
:10F76000A0919304B091940484159505A605B7055E
:10F7700008F440C240918D0450918E0460918F0432
:10F7800070919004EE89FF8985A996A9A7A9B0ADCB
:10F79000481759076A077B0708F002C2411551054F
:10F7A0006105710509F097C08090110390901203D4
:10F7B000A0901303B090140380918C0404C0880CB3
:10F7C000991CAA1CBB1C8A95D2F78DE999E1A1E08E
:10F7D000FC010591159125913491081519052A050B
:10F7E0003B0558F4B694A79497948794AA0F04966F
:10F7F000E9EBF9E1E817F90759F7A0938B04F0E278
:10F800008F169104A104B10428F4B0E28B2E912C40
:10F81000A12CB12C20E2821A9108A108B108811410
:10F8200038E09306A104B10408F4C3C1A4E09A9E91
:10F83000C001112483569A4EFC01329625913491D1
:10F84000B82DEE27B39F8001B29F010D1E1F0694B5
:10F850000E1F1E1F112430E020E0FC01C590D49043
:10F86000F12CE12CC01AD10AE20AF30A4C0D5D1DFD
:10F870006E1D7F1D40938D0450938E0460938F0402
:10F880007093900480918A04882309F408CF8091B2
:10F8900089048823B9F02E893F89295B3F4FD9011C
:10F8A0008D919C91B0E0A0E0409110025091110226
:10F8B000609112027091130284179507A607B7078B
:10F8C00009F4EDCE10921402109215021092160255
:10F8D00010921702E4CEF12C0E81942F852E862FE4
:10F8E0001F81B885A985FA85EB853C852D85E0913A
:10F8F0000D03E99FA12DFF2730910E03399FA00D25
:10F90000F11D10900F03199EF00DE89DA00DF11D43
:10F91000389DF00DE89FF00D1A2FBF2F1A9FE12D93
:10F92000332722271F9FE00D311D2F1DBA9FE00DA9
:10F93000311D2F1DBF9F300D211D132FB22F1A9F78
:10F94000012D332722271F9F000D311D2F1DBA9F28
:10F95000000D311D2F1DBF9F300D211D132FB22F04
:10F96000EE27909111038090120380911303009071
:10F970000C030F2809F484C030910803319FE1196A
:10F980009F098F088F0920910903219FE019910990
:10F990008F088F0900910A03019F901981088F0930
:10F9A0003B9FE01991098F088F092B9F90198108BF
:10F9B0008F090B9F801881091A9F012D3327222759
:10F9C0001F9F000D311D2F1DBA9F000D311D2F1DD2
:10F9D000BF9F300D211D132FB22F30910403319F93
:10F9E000E10D9F1D8F1C8F1D20910503219FE00DB0
:10F9F000911D8F1C8F1D00910603019F900D811C8E
:10FA00008F1D3B9FE00D911D8F1C8F1D2B9F900D17
:10FA1000811C8F1D0B9F800C811D1A9F012D332788
:10FA200022271F9F000D311D2F1DBA9F000D311D74
:10FA30002F1DBF9F300D211D132FB22F30910003BA
:10FA4000319FE1199F098F088F0920910103219FA0
:10FA5000E01991098F088F0900910203019F901905
:10FA600081088F093B9FE01991098F088F092B9F0F
:10FA7000901981088F090B9F801881090C94C27D11
:10FA800030910803319FE10D9F1D8F1C8F1D209128
:10FA90000903219FE00D911D8F1C8F1D00910A030A
:10FAA000019F900D811C8F1D3B9FE00D911D8F1CB0
:10FAB0008F1D2B9F900D811C8F1D0B9F800C811D16
:10FAC0001A9F012D332722271F9F000D311D2F1D47
:10FAD000BA9F000D311D2F1DBF9F300D211D132F0B
:10FAE000B22F30910403319FE1199F098F088F09CC
:10FAF00020910503219FE01991098F088F0900913A
:10FB00000603019F901981088F093B9FE019910915
:10FB10008F088F092B9F901981088F090B9F8018E0
:10FB200081091A9F012D332722271F9F000D311DA8
:10FB30002F1DBA9F000D311D2F1DBF9F300D211DA0
:10FB4000132FB22F30910003319FE10D9F1D8F1CA9
:10FB50008F1D20910103219FE00D911D8F1C8F1D92
:10FB600000910203019F900D811C8F1D3B9FE00DB2
:10FB7000911D8F1C8F1D2B9F900D811C8F1D0B9F26
:10FB8000800C811D11240E831F83B887A987FA87F3
:10FB9000EB873C872D87982C892EB12CA82E0CCE74
:10FBA000AE89BF89D1968D909D90AD90BC90D49731
:10FBB00003CED501C401B695A795979587958C7FFF
:10FBC00083569E4EFC01C590D490FC01329625913F
:10FBD0003491E82DE770E29FC001E39F900D11245E
:10FBE000A3E096958795AA95E1F7C81AD90AF12C52
:10FBF000E12C3CCE8090850490908604A0908704F0
:10FC0000B09088048A829B82AC82BD828414950461
:10FC1000A604B70408F088C2809080049090810404
:10FC2000A0908204B090830480918404EE89FF89BF
:10FC30008111CDC0EF5BFF4FE080F1800281138125
:10FC4000EE89FF89E75AFF4F20813181428153813C
:10FC5000AE89BF89D1966D917D918D919C91D497FC
:10FC60000E941712B1E0B0938404EE89FF8981A944
:10FC700092A9A3A9B4A920918C0404C0880F991F4C
:10FC8000AA1FBB1F2A95D2F72DE939E111E0F9012E
:10FC90004591559165917491481759076A077B07FB
:10FCA00070F4B695A79597958795110F2C5F3F4FE8
:10FCB000E9EBCE2EE9E1DE2EC216D30641F7109312
:10FCC0008B0480329105A105B10520F480E290E01B
:10FCD000A0E0B0E08097A109B109811528E0920762
:10FCE000A105B10508F4F9C144E0949F90011124E5
:10FCF00023563A4EF901329645915491EE27859F4D
:10FD0000B001849F610D7E1F06946E1F7E1F11241B
:10FD1000CB01B0E0A0E0F901C590D490F12CE12C2A
:10FD2000C81AD90AEA0AFB0A8C0C9D1CAE1CBF1C1F
:10FD30008092800490928104A0928204B092830405
:10FD400080918904882309F4E9C18A819B81AC816F
:10FD5000BD81810F911DA11DB11D84159505A605BD
:10FD6000B705D8F480918A04882309F498CCEE89E9
:10FD7000FF89E95BFF4F80819181B0E0A0E0409175
:10FD800010025091110260911202709113028417B7
:10FD90009507A607B70709F482CC109214021092B7
:10FDA000150210921602109217026E897F89695B04
:10FDB0007F4FDB018D919C91B0E0A0E08093100219
:10FDC00090931102A0931202B093130268CC81ADFC
:10FDD00092ADA3ADB4AD88169906AA06BB0608F08D
:10FDE00073C181149104A104B10449F480911103F9
:10FDF00090911203A0911303B09114033CCFB0E093
:10FE0000AE85282D892D1A2DFF85E88979896A8983
:10FE10005B894C893D8950910D03529F712D662756
:10FE200040910E03429F700D611D10900F03129EB2
:10FE3000600D589F700D611D489F600D519F600DB2
:10FE4000F72FE62FF79F512D44273327F69F500DAC
:10FE5000411D3B1FE79F500D411D3B1FE69F400D7D
:10FE6000311DF42FE32FF79FA12D44273327F69F51
:10FE7000A00D411D3B1FE79FA00D411D3B1FE69FAD
:10FE8000400D311DF42FE32F552720911103809150
:10FE900012031091130300900C030B2A09F484C081
:10FEA000409108034F9F51192B0B8B0B1B0B30916B
:10FEB00009033F9F501921098B0B1B0BA0910A03CB
:10FEC000AF9F201981091B0B4E9F501921098B0BE5
:10FED0001B0B3E9F201981091B0BAE9F8019110936
:10FEE000F79FA12D44273327F69FA00D411D3B1FEF
:10FEF000E79FA00D411D3B1FE69F400D311DF42FD4
:10FF0000E32F409104034F9F510D2B1F8B1F1B1F8D
:10FF1000309105033F9F500D211D8B1F1B1FA0918A
:10FF20000603AF9F200D811D1B1F4E9F500D211DED
:10FF30008B1F1B1F3E9F200D811D1B1FAE9F800D21
:10FF4000111DF79FA12D44273327F69FA00D411DBA
:10FF50003B1FE79FA00D411D3B1FE69F400D311D3C
:10FF6000F42FE32F409100034F9F51192B0B8B0B64
:10FF70001B0B309101033F9F501921098B0B1B0B69
:10FF8000A0910203AF9F201981091B0B4E9F5019AE
:10FF900021098B0B1B0B3E9F201981091B0BAE9F68
:10FFA000801911090C945680409108034F9F510D00
:10FFB0002B1F8B1F1B1F309109033F9F500D211DCD
:10FFC0008B1F1B1FA0910A03AF9F200D811D1B1FBC
:10FFD0004E9F500D211D8B1F1B1F3E9F200D811D0D
:10FFE0001B1FAE9F800D111DF79FA12D44273327A6
:10FFF000F69FA00D411D3B1FE79FA00D411D3B1F1C
:020000021000EC
:10000000E69F400D311DF42FE32F409104034F9FD5
:1000100051192B0B8B0B1B0B309105033F9F501974
:1000200021098B0B1B0BA0910603AF9F201981099F
:100030001B0B4E9F501921098B0B1B0B3E9F201948
:1000400081091B0BAE9F80191109F79FA12D442731
:100050003327F69FA00D411D3B1FE79FA00D411DBB
:100060003B1FE69F400D311DF42FE32F409100030D
:100070004F9F510D2B1F8B1F1B1F309101033F9F63
:10008000500D211D8B1F1B1FA0910203AF9F200D40
:10009000811D1B1F4E9F500D211D8B1F1B1F3E9F3F
:1000A000200D811D1B1FAE9F800D111D1124AE87D9
:1000B000FF87E88B798B6A8B5B8B4C8B3D8B982F02
:1000C000822FB0E0A12FD7CDEE89FF89E75AFF4FED
:1000D00080819181A281B381CECDAC01BD017695A5
:1000E0006795579547954C7F43565E4EFA0125918B
:1000F0003491FA013296659174918770869FA001C0
:10010000879F500D112463E0569547956A95E1F756
:10011000241B350B6901F12CE12C06CE80918A0459
:10012000882309F4BCCACECB80918A048823E9F0E5
:10013000EE89FF89E95BFF4F80819181B0E0A0E00B
:1001400040911002509111026091120270911302BD
:1001500084179507A607B70741F010921402109272
:100160001502109216021092170280910C029091C3
:100170000D02A0910E02B0910F02B7FF6CC0EE8984
:10018000FF89EF5AFF4F80918C04C080D180E280BC
:10019000F38004C0CC0CDD1CEE1CFF1C8A95D2F74A
:1001A0008DE999E121E0FC014591559165917491AA
:1001B0004C155D056E057F0568F4F694E794D794B9
:1001C000C794220F049609EB802E09E1902E881621
:1001D000990649F720938B0420E2C216D104E1046A
:1001E000F10428F4B0E2CB2ED12CE12CF12C30E23A
:1001F000C31AD108E108F108C11448E0D406E104AB
:10020000F10408F432C054E0D59EC0011124835695
:100210009A4EFC013296259134917C2D6627739F6E
:10022000A001729F410D561F0694461F561F1124B0
:1002300070E060E0FC0185919491B0E0A0E0841B47
:10024000950BA60BB70B80930C0290930D02A09315
:100250000E02B0930F02C0900C02D0900D02E090FD
:100260000E02F0900F020C944F7BD701C601B69599
:10027000A795979587958C7F83569E4EFC01259177
:100280003491FC013296459154918C2D8770C82E83
:10029000C49EC001C59E900D1124A3E0969587953C
:1002A000AA95E1F7281B390BC901B0E0A0E0CBCF3C
:1002B000AA81BB8155968D909D90AD90BC9058972A
:1002C00081E081149104A104B10409F480E0EA8181
:1002D000FB81018D128D238D348D011511052105B2
:1002E000310509F08260AA81BB815D964D915D91D7
:1002F0006D917C919097411551056105710509F04B
:10030000846080939504109280041092810410926E
:1003100082041092830410928D0410928E04109225
:100320008F0410929004EA81FB81EF5AFF4F808185
:100330009181A281B381F12C8332ECE29E07A10569
:10034000B10560F4880F991FAA1FBB1F8332FCE21E
:100350009F07A105B10510F4F394EECFF0928C0441
:10036000CF2CEA81FB8185A196A1A7A1B0A50F2C76
:1003700004C0880F991FAA1FBB1F0A94D2F780934D
:10038000960490939704A0939804B09399044424FE
:1003900055243201481A590A6A0A7B0A40927004AD
:1003A00050927104609272047092730440927404CB
:1003B00050927504609276047092770440927804AB
:1003C0005092790460927A0470927B0440927C048B
:1003D00050927D0460927E0470927F0441A052A0EE
:1003E00063A074A0440C551C661C771C880C991CD7
:1003F000AA1CBB1C8092600490926104A0926204CB
:10040000B0926304000F111F221F331F0093640476
:10041000109365042093660430936704440F551FBE
:10042000661F771F409368045093690460936A04C1
:1004300070936B0440926C0450926D0460926E0451
:1004400070926F04880F991FAA1FBB1F80935C04D2
:1004500090935D04A0935E04B0935F0410929A049D
:1004600010929B0410929C0410929D0481A592A569
:10047000A3A5B4A50F2C04C0880F991FAA1FBB1FEA
:100480000A94D2F78093910490939204A0939304DA
:10049000B093940485A596A5A7A5B0A904C0880F1C
:1004A000991FAA1FBB1FFA94D2F7809385049093DB
:1004B0008604A0938704B0938804EA5BFF4F808191
:1004C00080938904882309F43BC1EA81FB81E55BC1
:1004D000FF4F8081918190935B0480935A04EA815D
:1004E000FB81E75BFF4F808191819093590480935A
:1004F00058041092140210921502109216021092D3
:100500001702EA81FB81E95BFF4F80819181B0E0B6
:10051000A0E08093100290931102A0931202B09376
:100520001302EA81FB81EB5BFF4F80819091010513
:10053000891721F0809301050E9469120E944316D9
:100540002FEF3FEFA90120930C0230930D0240934F
:100550000E0250930F02EA81FB81FD96E080F1804C
:1005600002811381AA81BB81D1962D913D914D913C
:100570005C91D497AB5ABF4FBB83AA836D917D9199
:100580008D919C910E94171210928404EA81FB8144
:10059000408151816281738104C0440F551F661FE1
:1005A000771FCA94D2F78DE999E1A1E0FC0105918A
:1005B000159125913491041715072607370768F41C
:1005C0007695679557954795AA0F0496F9EB8F2E68
:1005D000F9E19F2E8816990649F7A0938B044032C3
:1005E00051056105710520F440E250E060E070E0E3
:1005F0004052510961097109411528E0520761050E
:10060000710508F4AAC034E0539FC0011124835639
:100610009A4EFC01329625913491AA27439FF0010E
:10062000429FE10DFA1F0694EA1FFA1F1124AF0141
:1006300070E060E0FC01C590D490F12CE12CC41A6C
:10064000D50AE60AF70AC0929E04D0929F04E0926F
:10065000A004F092A1048091140290911502A0913F
:100660001602B091170240919E0450919F04609130
:10067000A0047091A1046C017D018F3FEFEF9E07F4
:10068000A105B10528F0CC24CA94DC2CE12CF12C76
:100690008A019B01C416D506E606F70610F49701F9
:1006A0008601401B510B620B730B40939E045093C9
:1006B0009F046093A0047093A1048F3FFFEF9F07F6
:1006C000AF07BF0761F0801B910BA20BB30B8093A8
:1006D000140290931502A0931602B0931702F89497
:1006E00080918400909185004096498141504983D2
:1006F000442309F452C0200E311E2816390610F486
:100700000C946378309289002092880078946796E0
:100710000FB6F894DEBF0FBECDBFDF91CF911F9112
:100720000F91FF90EF90DF90CF90BF90AF909F9090
:100730008F907F906F905F904F903F902F90089593
:1007400088248A94982C540180921002909211026D
:10075000A0921202B0921302E4CEDB01CA01B69558
:10076000A795979587958C7F83569E4EFC01C590E3
:10077000D490FC013296259134914770429FC0017C
:10078000439F900D112443E0969587954A95E1F794
:10079000C81AD90AF12CE12C56CF1C01B3CF80ED39
:1007A000C82E87E0D82EE12CF12C0C94577B0F93A8
:1007B0000FB70F9300916E000F930B7F00936E00A5
:1007C00000916F000D7F00936F000F930BB70F9395
:1007D0000CB70F921F922F933F934F935F936F939A
:1007E0007F938F939F93AF93BF93EF93FF931124C6
:1007F0000E943F78FF91EF91BF91AF919F918F91B0
:100800007F916F915F914F913F912F911F900F902A
:100810000CBF0F910BBF0F910260F89400936F0013
:100820000F9100936E000F910FBF0F9118951F92BB
:100830000F920FB60F9211240F900FBE0F901F90C2
:1008400018951F920F920FB60F9211240BB60F92AC
:100850002F938F939F93EF93FF932091A603E091A3
:10086000A50381E08E0F8F779091C600281729F09D
:10087000F0E0EB55FC4F9283E82FE093A503FF9146
:10088000EF919F918F912F910F900BBE0F900FBE04
:100890000F901F901895E8E1FEE0148615861686E5
:1008A0001786108611861286138614821582168288
:1008B00017821082118212821382E8E0FEE0148611
:1008C0001586168617861086118612861386148260
:1008D0001582168217821082118212821382109260
:1008E000040E1092050E1092060E1092070E109232
:1008F000030E1092020E1092010E1092000E109232
:10090000FF0DE8E2FEE081E08083818382838383C0
:10091000ECE2FEE08FEF8083818382830895CF93A2
:10092000DF931F921F92CDB7DEB7789484B58260B3
:1009300084BD84B5816084BD85B5826085BD85B583
:10094000816085BD80916E00816080936E00109201
:10095000810080918100826080938100809181007C
:10096000816080938100809180008160809380000D
:100970008091B10084608093B1008091B00081606B
:100980008093B0008091910082608093910080916B
:1009900091008160809391008091900081608093AC
:1009A00090008091A10082608093A1008091A100BD
:1009B00081608093A1008091A00081608093A0005D
:1009C00080912101826080932101809121018160C9
:1009D000809321018091200181608093200180918A
:1009E0007A00846080937A0080917A00826080939C
:1009F0007A0080917A00816080937A0080917A00F9
:100A0000806880937A001092C1001092C00080919B
:100A1000C00082608093C0001092C50087E0809380
:100A2000C4008091C10080618093C1008091C100A9
:100A300088608093C1008091C10080688093C1006C
:100A40000E946A108AE195E00E947F1A0E940E1BA4
:100A500014B710FF04C08AEF99E00E947F1A11FFBB
:100A600004C089EE99E00E947F1A12FF04C087ED4E
:100A700099E00E947F1A13FF04C086EC99E00E945F
:100A80007F1A15FF04C085EB99E00E947F1A14BEFF
:100A90008EEA99E00E947F1A80E20E94781A85EA25
:100AA00099E00E947F1A8AE00E94781A0E940E1B29
:100AB00085E599E00E947F1A0E940E1B8EE399E063
:100AC0000E947F1A0E940E1B20912F0E3091300E33
:100AD000CE0101962115310509F0C5C085539E4010
:100AE0009A83898369817A818FE299E00E94322218
:100AF00060E276E088E199E00E9432228AE00E947A
:100B0000781A6B9A9D9A8091010188608093010107
:100B10008091FE04811107C00E94F05A882319F0C9
:100B200081E08093FE042091990630919A064091CD
:100B30009B0650919C0660915302709154028091E3
:100B40005502909156020E94479060935302709311
:100B50005402809355029093560220919D06309145
:100B60009E0640919F065091A00660915702709199
:100B700058028091590290915A020E9447906093C6
:100B80005702709358028093590290935A02209111
:100B9000A1063091A2064091A3065091A40660914F
:100BA0005B0270915C0280915D0290915E020E94F6
:100BB000479060935B0270935C0280935D02909318
:100BC0005E020E94BF49249A2C98809101018062A4
:100BD00080930101809102018072809300018091D5
:100BE000010180648093010187ED80937A00109267
:100BF0007E0010927D0080917D00806280937D0058
:100C000080917D00806480937D0080E888BD809124
:100C10006E00846080936E008091010180618093FA
:100C200001016AEF70E080E090E00E94371085E0FB
:100C300090E0909323028093220200911E02109173
:100C40001F02C8010E94501B20E030E040EA50E43F
:100C50000E94DC8B87FF0AC00051110910931F020C
:100C600000931E02EACF821B930B3ACF8CE291E0F5
:100C7000909325028093240200912002109121027A
:100C8000C8010E94501B20E030E046E953E40E9476
:100C9000A79218163CF4005F1F4F10932102009397
:100CA0002002EACF00911C0210911D02C8010E948F
:100CB0002B1120E030E040EA50E40E94DC8B87FFFB
:100CC00007C00051110910931D0200931C02EACFC6
:100CD0000091FF0410910005C8010E942B1120E033
:100CE00030E046E153E40E94A79218163CF4005FFE
:100CF0001F4F109300050093FF04EACF0E941017C6
:100D00006D98759A809104018D7F80930401809184
:100D10000501809582708093030153985B9A10922D
:100D2000F4061092F5060E94E621819A879A809136
:100D30000A01826080930A013B9A0E9A3B9A579A65
:100D40005F9A829A8A9A8091070181608093070155
:100D50008091080180958170809306013F9A479A9F
:100D60000A9A129A3F9A479A809A88985F9A809135
:100D7000F6068E7F8093F606869A8E988A9A8091E0
:100D8000F6068D7F8093F606399A419880910A0184
:100D9000886080930A0180910B018870809309011B
:100DA000809108018095817080930601479A809117
:100DB000F6068B7F8093F6060C9A1498129A80910F
:100DC00080008C7F8093800080918100877E886086
:100DD00080938100809180008F7380938000809148
:100DE0008100887F82608093810080E090E490930E
:100DF00089008093880010928500109284000E94E0
:100E00005014789484E0809301050E946912109236
:100E1000E7060E94E62188E198E20FB6F894A895CB
:100E2000809360000FBE9093600081E080930A077A
:100E300080E6E82E0E941D33CDB6DEB66091020535
:100E40007091030510E000E06115710549F580918E
:100E50008406882309F45DC000918F060E9D8001F1
:100E600011240C5F1A4F8091750D80FF05C00E9400
:100E70000E1BC8010E94FA26C8010E943D2A0E944A
:100E80008E5F8091840681508093840680918F06C6
:100E90008F5F843008F08AC080938F063AC0840147
:100EA000FB01E00FF11FF49048018FEF881A980AB8
:100EB000FF2019F09AE0F912F2CF8DB79EB788198A
:100EC00099090FB6F8949EBF0FBE8DBF01965C01C5
:100ED000A8010E94718BF501E00FF11F108290E0D4
:100EE00080E0FF2031F08091020590910305880D8C
:100EF000991D9093030580930205012B29F0C501EC
:100F00000E943D2A0E948E5F0FB6F894DEBE0FBE8F
:100F1000CDBE9091E60680918506981709F48ACF98
:100F20008091E606809385068091E606882309F481
:100F300081CF0E940E1B83E09AE00E947F1A80916D
:100F4000E60680FD04C08091E60684FF09C080E0CB
:100F50000E94A014AB01BC018AE698E00E94B52271
:100F60008091E60681FD04C08091E60685FF09C0F8
:100F700081E00E94A014AB01BC018AE69EE00E94C1
:100F8000B5228091E60682FD04C08091E60686FFC8
:100F900009C082E00E94A014AB01BC0186E69EE07D
:100FA0000E94B5228AE00E94781A44CF10928F06E0
:100FB000B0CF8F929F92AF92BF92CF92DF92EF927B
:100FC000FF920F931F93CF93DF935C017B01611519
:100FD000710519F0DB018D939C9385010F5F1F4F05
:100FE000F501D0818D2F90E00E94688B6C01892BD8
:100FF000B9F5DD32B9F50F5F1F4FD5011196DC91C0
:10100000C1E05801F1E0AF1AB10843E050E064ECF0
:1010100071E0C5010E947A8B892B69F5680182E035
:10102000C80ED11C45E050E06FEB71E0C6010E9494
:101030007A8B892B21F4680197E0C90ED11CE11449
:10104000F10419F0D701CD92DC9260E070E080E805
:101050009FEFC111FFC060E070E080E89FE7FAC039
:101060005801BBCFDB3229F485010E5F1F4FF5011C
:10107000D181C0E0C6CF43E050E06CEB71E0C50128
:101080000E947A8B892BE9F0F80110E000E020E063
:1010900030E0A9015F01B0ED8B2E8D0E89E088153F
:1010A000C8F19C2E689491F88C2F8870C2FF16C0EE
:1010B000811102C00F5F1F4F3196D501DC91C92D00
:1010C000E9CFE114F10429F00E5F1F4FF7011183FE
:1010D000008360E070E080EC9FE7BCC0882311F0E3
:1010E00001501109A5E0B0E00E9410909B01AC01F5
:1010F000220F331F441F551F280D311D411D511D47
:10110000283999E93907490799E15907A8F2C660D2
:101110009C2ED2CFAEEF8A1206C0C3FD3CC09C2EDF
:10112000689493F8C9CFDF7DD534A9F580818D32DD
:1011300039F4C061DF011296818162E070E006C07F
:10114000DF018B32C1F3119661E070E080535D01E5
:10115000A61AB70A8A30F8F4E0E8CE16ECE0DE060C
:101160005CF4B601660F771F660F771FC60ED71E99
:10117000CC0CDD1CC80ED11C5D01FFEFAF1ABF0AFD
:101180008C9180538A30A8F1C4FF03C0D194C194DC
:10119000D1080C0D1D1DC1FF09C0E114F10431F08F
:1011A00081E0A81AB108D701AD92BC92CA01B90179
:1011B0000E94E18BC370C33009F490584B015C016D
:1011C00020E030E0A9010E94DC8B882309F440C0B4
:1011D000C3EFD1E017FF05C0119501951109CBEDC3
:1011E000D1E06E01B8E1CB1AD10880E2E82EF12CF3
:1011F0000FC0D501B1CFFE01259135914591549194
:101200000E191F09C501B4010E94428C4B015C01FB
:10121000D501C4010E151F0574F72497F594E794C2
:10122000CC16DD06A9F78A2F880F8B2F881F8F3FDA
:1012300049F020E030E0A901C501B4010E94DC8B37
:10124000811106C082E290E09093340E8093330EB9
:10125000C501B401DF91CF911F910F91FF90EF90E5
:10126000DF90CF90BF90AF909F908F9008953F9266
:101270004F925F926F927F928F929F92AF92BF92A6
:10128000CF92DF92EF92FF920F931F93CF93DF9352
:101290005C016B017A016115710519F0FB01918305
:1012A0008083E114F10451F0C7010297839730F075
:1012B00040E030E020E090E06BC05E01E501219667
:1012C000F5011081812F90E00E94688B892BA9F78E
:1012D0001D3201F52196F501118101E0E114F104BF
:1012E00009F4E6C0F0E1EF16F10409F088C010330C
:1012F00059F488818F7D883509F07CC01981229648
:101300000260F0E1EF2EF12C812C912CA12C88E0D1
:10131000B82E92C01B3221F4E5012296F50111810D
:1013200000E0DCCFEAE0EE16F10409F4C7C0F0E11A
:10133000EF16F10409F073C0E7CF78E0E72EF12C47
:10134000812C912CA12C60E1B62E76C021E0ADC09D
:10135000302F3170C114D10431F0222371F1219763
:10136000F601D183C08327FF2EC060E070E080E0EB
:1013700090E8311104C06FEF7FEF8FEF9FE722E21B
:1013800030E03093340E2093330E462F372F282F22
:10139000642F732F822FDF91CF911F910F91FF90B8
:1013A000EF90DF90CF90BF90AF909F908F907F9005
:1013B0006F905F904F903F90089501FF04C0229777
:1013C000F601D183C083332341F0909580957095C9
:1013D00061957F4F8F4F9F4FD8CF97FFD6CF82E237
:1013E00090E09093340E8093330E6FEF7FEF8FEF8A
:1013F0009FE7CBCF10E3E114F10409F49ECF28E07E
:10140000E216F10409F49CCF0CF08CCF812C912CC6
:10141000A12CE0E4BE2E82E0E816F10469F060E061
:1014200070E080E090E897010F2C000C440B550B06
:101430000E94CF8F49015A0120E060E070E0CB01AB
:1014400027010F2C000C66087708FE0150ED352EA1
:10145000310E39E0331570F43FEB310F49EC342E87
:101460003A3138F03FE9310F3A3108F071CF39EABB
:10147000332E310E3E141F040CF06ACF27FD15C029
:1014800086169706A806B90678F0A30192010E9475
:10149000BF8F630D711D811D911D61307105810527
:1014A00020E8920708F452CF2FEF21961081CDCF7C
:1014B000103309F41ECF2AE0E22EF12C9CEC892E89
:1014C000982CA82C9CE0B92EB7CF3F924F925F92F8
:1014D0006F927F928F929F92AF92BF92CF92DF9244
:1014E000EF92FF920F931F93CF93DF935C016B01F9
:1014F0007A016115710519F0FB0191838083E11474
:10150000F10449F0C7010297839728F060E070E08A
:10151000CB019BC05E01E5012196F5011081812F71
:1015200090E00E94688B892BA9F71D3209F05CC0FE
:101530002196F501118101E0E114F10409F4BBC029
:10154000F0E1EF16F10409F09BC0103341F48881FB
:101550008F7D883509F08FC0198122960260E0E105
:10156000EE2EF12C88248A94982CA82CFFE0BF2E14
:1015700020E060E070E0CB0127010F2C000C660832
:101580007708FE0150ED352E310E39E0331568F441
:101590003FEB310F49EC342E3A3130F03FE9310F57
:1015A0003A31B0F539EA332E310E3E141F0484F57A
:1015B0002F3FB9F086169706A806B90638F1A301A1
:1015C00092010E94BF8F232D30E050E040E0620F77
:1015D000731F841F951F6217730784079507B0F068
:1015E00021E021961081CDCF1B3221F4E501229616
:1015F000F501118100E0A0CF78E0E72EF12C8824DE
:101600008A94982CA82C6FE1B62EB2CF2FEFE9CF99
:10161000C114D10431F0222351F12197F601D18375
:10162000C08300FF07C090958095709561957F4FAE
:101630008F4F9F4F2F3F49F482E290E09093340EFA
:101640008093330E6FEF7FEFCB01DF91CF911F912E
:101650000F91FF90EF90DF90CF90BF90AF909F9051
:101660008F907F906F905F904F903F90089501FF13
:10167000D8CF2297D3CF10E3E114F10409F4BCCF03
:101680003AE0E316F104E9F080E1E816F10409F428
:1016900066CFE8E0EE16F10409F4B1CF6FEF7FEF0B
:1016A000CB0197010F2C000C440B550B0E94CF8FE0
:1016B00049015A015DCF103309F449CF9AE0E92E70
:1016C000F12C89E9882E982CA82C89E1B82E50CFCE
:1016D00091110C94B18E803219F089508550C8F761
:1016E0000895FB01DC0102C005900D92415050406D
:1016F000D8F70895FB01DC014150504088F08D91EE
:1017000081341CF08B350CF4805E659161341CF0E3
:101710006B350CF4605E861B611171F3990B0895B3
:10172000881BFCCFFB0155915523A9F0BF01DC01BB
:101730004D9145174111E1F759F4CD010590002075
:1017400049F04D9140154111C9F3FB014111EFCF13
:1017500081E090E0019708950F931F93CF93DF935B
:10176000CDB7DEB72E970FB6F894DEBF0FBECDBF54
:101770000E891F898EE08C831A8309838FEF9FE780
:101780009E838D83AE01465E5F4F688D798DCE015D
:1017900001960E94AF8C2F813885020F131FF8012C
:1017A00010822E960FB6F894DEBF0FBECDBFDF912C
:1017B000CF911F910F9108950E941E8C08F481E033
:1017C0000895E89409C097FB3EF490958095709534
:1017D00061957F4F8F4F9F4F9923A9F0F92F96E97D
:1017E000BB279395F695879577956795B795F111F2
:1017F000F8CFFAF4BB0F11F460FF1BC06F5F7F4F8F
:101800008F4F9F4F16C0882311F096E911C07723A0
:1018100021F09EE8872F762F05C0662371F096E8A9
:10182000862F70E060E02AF09A95660F771F881F78
:10183000DAF7880F9695879597F90895990F00081C
:10184000550FAA0BE0E8FEEF16161706E807F90792
:10185000C0F012161306E407F50798F0621B730B2D
:10186000840B950B39F40A2661F0232B242B252BAE
:1018700021F408950A2609F4A140A6958FEF811D51
:10188000811D08950E94558C0C946F8F0E94618F6A
:1018900038F00E94688F20F0952311F00C94588F37
:1018A0000C945E8F11240C94A38F0E94808F70F390
:1018B000959FC1F3950F50E0551F629FF001729FF5
:1018C000BB27F00DB11D639FAA27F00DB11DAA1F04
:1018D000649F6627B00DA11D661F829F2227B00D51
:1018E000A11D621F739FB00DA11D621F839FA00DDC
:1018F000611D221F749F3327A00D611D231F849F2C
:10190000600D211D822F762F6A2F11249F57504082
:101910009AF0F1F088234AF0EE0FFF1FBB1F661FFD
:10192000771F881F91505040A9F79E3F510580F0C6
:101930000C94588F0C94A38F5F3FE4F3983ED4F33C
:10194000869577956795B795F795E7959F5FC1F76A
:10195000FE2B880F911D9695879597F908952F92E4
:101960003F924F925F926F927F928F929F92AF922F
:10197000BF92CF92DF92EF92FF920F931F93CF937C
:10198000DF9300D000D000D01F921F92CDB7DEB7FA
:101990007C013B018A01FC0117821682838181FF51
:1019A000DDC1CE0101965C01F7019381F30193FD46
:1019B000859193FF81913F01882309F453C18532BA
:1019C00039F493FD859193FF81913F01853229F48C
:1019D000B70190E00E94CA8EE7CF912C212C312CC8
:1019E000FFE1F31538F08B3211F190F4803209F1F8
:1019F000833229F137FC3CC020ED280F2A3050F506
:101A000036FE20C08AE0989E200D1124922E06C03A
:101A10008D3291F0803371F7689430F8F30193FDC3
:101A2000859193FF81913F018111DACF21C06894A4
:101A300031F8689432F8F2CF689433F8EFCF6894B5
:101A400034F8ECCFEAE02E9E200D1124222E68946B
:101A500035F8E4CF8E3229F436FC04C1689436F8A8
:101A6000DDCF8C3619F4689437F8D8CF8836B1F2C8
:101A7000982F9F7D95549330E0F08336A1F1833702
:101A8000C1F1833509F063C02801F2E04F0E511C0B
:101A9000F801C080D180692D70E036FC02C06FEF84
:101AA0007FEFC6010E94B48E4C01689437F8820122
:101AB0000AC00C5F1F4FFFE3F98388248394912CA5
:101AC0006501E89437F833FE2DC0522C811491043F
:101AD00071F5552009F468CFB70180E290E00E94CB
:101AE000CA8E5A94F6CFF801808189830E5F1F4F0A
:101AF000E4CF2801F2E04F0E511CF801C080D180E4
:101B0000692D70E036FC02C06FEF7FEFC6010E94C6
:101B1000BF8E4C018201D5CFB70180E290E00E94D8
:101B2000CA8E2A942814190409F0B0F7CECFF60112
:101B300037FC859137FE81916F01B70190E00E94DB
:101B4000CA8E51105A94F1E08F1A9108BFCF843693
:101B500019F0893609F077C0F80137FE6BC0608153
:101B60007181828193810C5F1F4FF32DFF763F2E91
:101B700097FF09C090958095709561957F4F8F4F25
:101B80009F4F689437F82AE030E0A5010E94FA8E52
:101B9000C82ECA188C2C432C36FE0CC0E89440F892
:101BA000C91440F434FE05C032FC03C0F32DFE7EA0
:101BB0004F2E892C44FEAAC0FE01EC0DF11D808140
:101BC000803309F09CC0242D297E422E842D8870FC
:101BD000582E43FCAAC040FEA4C09C2C821418F4CA
:101BE0002C0C922C981844FEA6C0B70180E390E01C
:101BF0000E94CA8E42FE09C088E790E041FE02C002
:101C000088E590E0B7010E94CA8EC91408F49FC00D
:101C1000CA94D12C9FEFC91AD90ACA0CDB1CF60151
:101C200082916F01B70190E00E94CA8EAC14BD048E
:101C3000B1F74FCF60817181072E000C880B990B93
:101C40000E5F1F4F92CFD32CE894D4F82AE030E0F7
:101C50008537E1F1232D297FD22E8F36A9F1F0F4BB
:101C6000883551F1F701868197812B960FB6F8944C
:101C7000DEBF0FBECDBFDF91CF911F910F91FF90BF
:101C8000EF90DF90CF90BF90AF909F908F907F901C
:101C90006F905F904F903F902F900895803749F05C
:101CA000883701F7D4FE02C06894D2F820E130E012
:101CB0000DC06894D4F8F6CF34FE03C0822F86603E
:101CC000D82E20E132E002C028E030E0F801D7FE53
:101CD0000FC060817181828193810C5F1F4FA501CC
:101CE0000E94FA8EC82ECA183D2CE89437F852CFBD
:101CF0006081718190E080E00E5F1F4FF0CF42FC69
:101D000002C0839463CF8394839460CF842D8678BC
:101D100009F45CCFF6CFB70180E290E00E94CA8E52
:101D200083948214C0F3512C5ECF522C5818821425
:101D300008F459CFF8CF842D867809F466CF8BE26A
:101D400041FE80E247FC8DE2B70190E05CCFB70135
:101D500080E390E00E94CA8E9A9457CF8FEF9FEF56
:101D600084CF992788270895FC0105906150704021
:101D70000110D8F7809590958E0F9F1F0895FC0154
:101D80006150704001900110D8F7809590958E0FAA
:101D90009F1F08950F931F93CF93DF93182F092F41
:101DA000EB018B8181FD09C01FEF0FEF812F902F79
:101DB000DF91CF911F910F91089582FF14C02E8162
:101DC0003F818C819D81281739073CF4E881F98196
:101DD000CF0101969983888310838E819F8101961C
:101DE0009F838E83E3CFE885F985812F1995892B11
:101DF000A1F3DACFFA01AA27283051F1203181F17D
:101E0000E8946F936E7F6E5F7F4F8F4F9F4FAF4F02
:101E1000B1E03ED0B4E03CD0670F781F891F9A1F15
:101E2000A11D680F791F8A1F911DA11D6A0F711DC9
:101E3000811D911DA11D20D009F468943F912AE0D5
:101E4000269F11243019305D3193DEF6CF010895BD
:101E5000462F4770405D4193B3E00FD0C9F7F6CFEE
:101E6000462F4F70405D4A3318F0495D31FD4052B6
:101E7000419302D0A9F7EACFB4E0A695979587954C
:101E800077956795BA95C9F700976105710508952B
:101E90009B01AC010A2E06945795479537952795D7
:101EA000BA95C9F7620F731F841F951FA01D08956F
:101EB00097F99F6780E870E060E008959FEF80ECFD
:101EC000089500240A9416161706180609060895A0
:101ED00000240A9412161306140605060895092E06
:101EE0000394000C11F4882352F0BB0F40F4BF2B75
:101EF00011F460FF04C06F5F7F4F8F4F9F4F0895B5
:101F000057FD9058440F551F59F05F3F71F04795AA
:101F1000880F97FB991F61F09F3F79F0879508958F
:101F2000121613061406551FF2CF4695F1DF08C0AE
:101F3000161617061806991FF1CF869571056105CB
:101F400008940895E894BB2766277727CB0197F973
:101F50000895F999FECF92BD81BDF89A992780B571
:101F60000895262FF999FECF1FBA92BD81BD20BDDD
:101F70000FB6F894FA9AF99A0FBE01960895DB010C
:101F80008F939F930E941090BF91AF91A29F800D5D
:101F9000911DA39F900DB29F900D11240895A1E271
:101FA0001A2EAA1BBB1BFD010DC0AA1FBB1FEE1FD3
:101FB000FF1FA217B307E407F50720F0A21BB30B1E
:101FC000E40BF50B661F771F881F991F1A9469F79A
:101FD00060957095809590959B01AC01BD01CF01F6
:101FE0000895052E97FB1EF400940E94089057FD5B
:101FF00007D00E94CF8F07FC03D04EF40C940890BA
:1020000050954095309521953F4F4F4F5F4F089524
:1020100090958095709561957F4F8F4F9F4F089554
:102020000E941B90A59F900DB49F900DA49F800DC2
:10203000911D11240895A29FB001B39FC001A39FD9
:10204000700D811D1124911DB29F700D811D1124F1
:10205000911D0895AA1BBB1B51E107C0AA1FBB1FFE
:10206000A617B70710F0A61BB70B881F991F5A9524
:10207000A9F780959095BC01CD010895EE0FFF1F43
:10208000881F8BBF0790F691E02D19945058BB27FD
:10209000AA270E945E900C946F8F0E94618F38F087
:1020A0000E94688F20F039F49F3F19F426F40C94B5
:1020B0005E8F0EF4E095E7FB0C94588FE92F0E9499
:1020C000808F58F3BA17620773078407950720F0CB
:1020D00079F4A6F50C94A28F0EF4E0950B2EBA2F8E
:1020E000A02D0B01B90190010C01CA01A00111241E
:1020F000FF27591B99F0593F50F4503E68F11A16CA
:10210000F040A22F232F342F4427585FF3CF46955A
:1021100037952795A795F0405395C9F77EF41F167C
:10212000BA0B620B730B840BBAF09150A1F0FF0F46
:10213000BB1F661F771F881FC2F70EC0BA0F621F32
:10214000731F841F48F4879577956795B795F79522
:102150009E3F08F0B0CF9395880F08F09927EE0FB7
:102160009795879508950E94618F60F080E891E0CF
:1021700009F49EEF0E94688F28F040E851E071F466
:102180005EEF0CC00C945E8F0C94A28FE92FE07868
:102190000E94808F40F3092E052AB1F326173707D6
:1021A0004807590738F00E2E07F8E02569F0E025BA
:1021B000E0640AC0EF6307F8009407FADB01B90195
:1021C0009D01DC01CA01AD01EF930E9458910E946C
:1021D0006F8F0E94F6905F91552339F02BED3FE011
:1021E00049E450FD49EC0C9447900895DF93DD27B6
:1021F000B92FBF7740E85FE31616170648075B075D
:1022000018F4D92F0E94AC929F938F937F936F9372
:102210000E943593E4EEF0E00E9429920E946F8FB5
:102220002F913F914F915F910E94558CDD2351F08A
:102230009058A2EA2AED3FE049EC5FE3D0785D27B1
:102240000E945E90DF910C946F8F0E948F9290F0AD
:102250009F3748F4911116F40C94A38F60E070E05E
:1022600080E89FE3089526F01B16611D711D811DF6
:102270000C9400920C941B920E945292E3950C9441
:102280007B920E9455910C946F8F0E94688F58F03A
:102290000E94618F40F029F45F3F29F00C94588F21
:1022A00051110C94A38F0C945E8F0E94808F68F361
:1022B0009923B1F3552391F3951B550BBB27AA27FF
:1022C00062177307840738F09F5F5F4F220F331F39
:1022D000441FAA1FA9F335D00E2E3AF0E0E832D001
:1022E00091505040E695001CCAF72BD0FE2F29D004
:1022F000660F771F881FBB1F261737074807AB07D6
:10230000B0E809F0BB0B802DBF01FF2793585F4F4A
:102310003AF09E3F510578F00C94588F0C94A38F9F
:102320005F3FE4F3983ED4F3869577956795B7952C
:10233000F7959F5FC9F7880F911D9695879597F937
:102340000895E1E0660F771F881FBB1F62177307B0
:102350008407BA0720F0621B730B840BBA0BEE1FC5
:1023600088F7E09508950E94BA916894B1110C9491
:10237000A38F08950E94888F88F09F5798F0B92FF7
:102380009927B751B0F0E1F0660F771F881F991FAA
:102390001AF0BA95C9F714C0B13091F00E94A28F1B
:1023A000B1E008950C94A28F672F782F8827B85F2B
:1023B00039F0B93FCCF3869577956795B395D9F702
:1023C0003EF490958095709561957F4F8F4F9F4F0C
:1023D00008950E948F9290F09F3748F4911116F063
:1023E0000C94A38F60E070E080E89FEB089526F4E2
:1023F0001B16611D711D811D0C9400920C941B9283
:10240000882371F4772321F09850872B762F07C00B
:10241000662311F499270DC09051862B70E060E07F
:102420002AF09A95660F771F881FDAF7880F96951E
:10243000879597F908959F3F31F0915020F4879543
:1024400077956795B795880F911D9695879597F91C
:102450000895DF93CF931F930F93FF92EF92DF9234
:102460007B018C01689406C0DA2EEF010E94558C26
:10247000FE01E894A5912591359145915591A6F3DA
:10248000EF010E945E90FE019701A801DA9469F7BE
:10249000DF90EF90FF900F911F91CF91DF91089502
:1024A0000C945E8F0E94888FD8F3E894E0E0BB27FD
:1024B0009F57F0F02AED3FE049EC06C0EE0FBB0F4E
:1024C000661F771F881F28F0B23A620773078407D8
:1024D00028F0B25A620B730B840BE3959A9572F74E
:1024E000803830F49A95BB0F661F771F881FD2F78C
:1024F00090480C941D92EF93E0FF07C0A2EA2AEDEA
:102500003FE049EC5FEB0E945E900E946F8F0F905E
:10251000039401FC9058E1E1F1E00C9445930E9492
:10252000888FA0F0BEE7B91788F4BB279F3860F406
:102530001616B11D672F782F8827985FF7CF8695DD
:1025400077956795B11D93959639C8F308950E94C4
:102550001E8C08F48FEF08959B01AC0160E070E0E1
:1025600080E89FE30C9441910E94888F58F19E5718
:1025700060F19851A0F0E9F0983020F5092E9927E4
:10258000660F771F881F991F0A94D1F712C0062E75
:10259000672F782F8827985F11F4000C07C0993FA8
:1025A000B4F38695779567959395D9F7611D711D5D
:1025B000811D3EF490958095709561957F4F8F4F6A
:1025C0009F4F089568940C94A38F0C94A28F9F93AF
:1025D0000E9452920F9007FCEE5F0C947B9219F4CC
:1025E00016F40C945E8F0C941B920E94888FB8F3A3
:1025F0009923C9F3B6F39F57550B87FF0E943E936B
:102600000024A0E640EA900180585695979528F45A
:10261000805C660F771F881F20F026173707480752
:1026200030F4621B730B840B202931294A2BA695A9
:1026300017940794202531254A2758F7660F771FEE
:10264000881F20F026173707480730F4620B730BFA
:10265000840B200D311D411DA09581F7B901842FF8
:102660009158880F9695879508959B01AC010C941D
:10267000428C0E941E8C880B990B089591505040FB
:10268000660F771F881FD2F708959F938F937F93CC
:102690006F93FF93EF939B01AC010E94428CEF91EB
:1026A000FF910E9429922F913F914F915F910C943D
:1026B000428CFC018191861721F08823D9F7992754
:1026C00008953197CF010895FB01DC018D910190B0
:1026D00080190110D9F3990B0895FB01DC010190D9
:1026E0000D920020E1F70895FB01DC0141505040BC
:1026F00030F08D910190801919F40020B9F7881BF2
:10270000990B0895FC0181E090E00190061609F410
:0E271000CF010020D1F701970895F894FFCF74
:10271E0000007A4300005243CDCCCC3DFFFFFFFFBB
:10272E00FFFFFFFFFFFFFFFF01FF0601FF3FFF3F20
:10273E0000000000FF3F640001000000000000A048
:10274E00C00000000000009643000096430000C841
:10275E0043C0D40100020164000000C841000080A3
:10276E003FAA00000000000000A0C0000000000012
:10277E000000000000204100002041000000000089
:10278E0000204100002041CDCCCC3E0000A040C333
:10279E0000F0003C006E000000404000003442009B
:1027AE00000000000000000000000000005041008A
:1027BE0000000000000041640000006400000003FF
:1027CE00000000640000006400000003000000032D
:1027DE00000000030000001E0000001E0000001E8E
:1027EE000000001E0000001E0000001E0000005829
:1027FE00595A454D313038004D313132004D34315A
:10280E003000455252005A005900580056373600D3
:00000001FF
